euct_name,euct_lat,euct_lon,gp_rating,gp_reviewCount,gp_website,gp_openingHours,gp_source_id,gp_google_maps_url
Tomcat coffee,50.0281864,14.3654372,4.8,291,https://www.facebook.com/tomcatcoffee,Monday: 9:00 AM – 6:00 PM; Tuesday: 9:00 AM – 6:00 PM; Wednesday: 9:00 AM – 6:00 PM; Thursday: 9:00 AM – 6:00 PM; Friday: 9:00 AM – 6:00 PM; Saturday: 10:00 AM – 6:00 PM; Sunday: 10:00 AM – 6:00 PM,ChIJa5B8lzeXC0cRr53FNiji6v4,https://www.google.com/maps/search/?api=1&query=place&query_place_id=ChIJa5B8lzeXC0cRr53FNiji6v4
Cafe & pastry Luka,50.045021,14.3217159,4.9,65,http://www.cafepastryluka.cz/,Monday: 6:30 AM – 5:00 PM; Tuesday: 6:30 AM – 5:00 PM; Wednesday: 6:30 AM – 5:00 PM; Thursday: 6:30 AM – 5:00 PM; Friday: 6:30 AM – 5:00 PM; Saturday: Closed; Sunday: Closed,ChIJHeEkbyiVC0cRlTR1WIReK-c,https://www.google.com/maps/search/?api=1&query=place&query_place_id=ChIJHeEkbyiVC0cRlTR1WIReK-c
Hábovka Café & Víno,50.04678,14.3105443,4.8,119,https://linktr.ee/Habovka?utm_source=linktree_profile_share&ltsid=65061200-dea5-47d2-b4e6-e98b312c6d7e,Monday: 8:00 AM – 8:00 PM; Tuesday: 8:00 AM – 8:00 PM; Wednesday: 8:00 AM – 8:00 PM; Thursday: 8:00 AM – 8:00 PM; Friday: 8:00 AM – 8:00 PM; Saturday: 8:00 AM – 8:00 PM; Sunday: 8:00 AM – 8:00 PM,ChIJCzszNgC_C0cRs7lwLsxDrFg,https://www.google.com/maps/search/?api=1&query=place&query_place_id=ChIJCzszNgC_C0cRs7lwLsxDrFg
Kofyka Espresso Bar,50.049025,14.4532537,4.8,18,https://www.kofyka.com/,Monday: 8:00 AM – 6:00 PM; Tuesday: 8:00 AM – 6:00 PM; Wednesday: 8:00 AM – 6:00 PM; Thursday: 8:00 AM – 6:00 PM; Friday: 8:30 AM – 6:00 PM; Saturday: Closed; Sunday: Closed,ChIJXdwijH-TC0cRsFJyExscUYQ,https://www.google.com/maps/search/?api=1&query=place&query_place_id=ChIJXdwijH-TC0cRsFJyExscUYQ
Objekt kafe,50.0353679,14.414611,4.8,78,http://objektkafe.cz/,Monday: 7:30 AM – 7:00 PM; Tuesday: 7:30 AM – 7:00 PM; Wednesday: 7:30 AM – 7:00 PM; Thursday: 7:30 AM – 7:00 PM; Friday: 7:30 AM – 7:00 PM; Saturday: 9:00 AM – 6:00 PM; Sunday: Closed,ChIJZ0_jKgCVC0cR4_6LsxXq2vc,https://www.google.com/maps/search/?api=1&query=place&query_place_id=ChIJZ0_jKgCVC0cR4_6LsxXq2vc
Periferie Cafe,50.0370959,14.4123849,4.7,1135,https://www.periferiecafe.eu/,Monday: 8:00 AM – 9:00 PM; Tuesday: 8:00 AM – 9:00 PM; Wednesday: 8:00 AM – 9:00 PM; Thursday: 8:00 AM – 9:00 PM; Friday: 8:00 AM – 9:00 PM; Saturday: 9:00 AM – 9:00 PM; Sunday: 1:00 – 8:00 PM,ChIJi_BuzhuUC0cRQ290W3jXGV4,https://www.google.com/maps/search/?api=1&query=place&query_place_id=ChIJi_BuzhuUC0cRQ290W3jXGV4
eM3 Coffee,50.0043589,14.4165273,4.6,355,http://www.em3coffee.cz/,Monday: 7:00 AM – 8:00 PM; Tuesday: 7:00 AM – 8:00 PM; Wednesday: 7:00 AM – 8:00 PM; Thursday: 7:00 AM – 8:00 PM; Friday: 7:00 AM – 8:00 PM; Saturday: 8:00 AM – 5:00 PM; Sunday: 8:00 AM – 5:00 PM,ChIJlYEONs6RC0cRlHXPY_GWqBg,https://www.google.com/maps/search/?api=1&query=place&query_place_id=ChIJlYEONs6RC0cRlHXPY_GWqBg
eM3 Coffee,50.0354259,14.3867452,4.7,375,https://www.em3coffee.cz/,Monday: 7:00 AM – 8:00 PM; Tuesday: 7:00 AM – 8:00 PM; Wednesday: 7:00 AM – 8:00 PM; Thursday: 7:00 AM – 8:00 PM; Friday: 7:00 AM – 8:00 PM; Saturday: 8:00 AM – 5:00 PM; Sunday: 8:00 AM – 5:00 PM,ChIJI__3PtmVC0cRyCfo64Q8Wqg,https://www.google.com/maps/search/?api=1&query=place&query_place_id=ChIJI__3PtmVC0cRyCfo64Q8Wqg
Kiosek Petřiny,50.0868029,14.3402055,4.9,257,http://www.instagram.com/kiosek.coffee,Monday: 7:00 AM – 6:00 PM; Tuesday: 7:00 AM – 6:00 PM; Wednesday: 7:00 AM – 6:00 PM; Thursday: 7:00 AM – 6:00 PM; Friday: 7:00 AM – 6:00 PM; Saturday: 9:00 AM – 7:00 PM; Sunday: 9:00 AM – 7:00 PM,ChIJDxSJzsa_C0cRwqsMe3Idc0I,https://www.google.com/maps/search/?api=1&query=place&query_place_id=ChIJDxSJzsa_C0cRwqsMe3Idc0I
The Miners Borislavka,50.0985693,14.3667547,4.7,649,https://www.theminers.eu/,Monday: 7:30 AM – 8:00 PM; Tuesday: 7:30 AM – 8:00 PM; Wednesday: 7:30 AM – 8:00 PM; Thursday: 7:30 AM – 8:00 PM; Friday: 7:30 AM – 8:00 PM; Saturday: 10:00 AM – 8:00 PM; Sunday: 10:00 AM – 8:00 PM,ChIJUSlc3BSVC0cRxd023KNtP20,https://www.google.com/maps/search/?api=1&query=place&query_place_id=ChIJUSlc3BSVC0cRxd023KNtP20
Helen's coffee Hůrka,50.050437,14.3420047,4.8,309,http://www.helenscoffee.cz/,Monday: 8:30 AM – 6:00 PM; Tuesday: 8:30 AM – 6:00 PM; Wednesday: 8:30 AM – 6:00 PM; Thursday: 8:30 AM – 6:00 PM; Friday: 8:30 AM – 6:00 PM; Saturday: 10:00 AM – 6:00 PM; Sunday: 10:00 AM – 6:00 PM,ChIJyTeGiTWVC0cRsQog743KiTk,https://www.google.com/maps/search/?api=1&query=place&query_place_id=ChIJyTeGiTWVC0cRsQog743KiTk
Zen espresso bar,50.0874166,14.3675516,4.7,102,https://www.instagram.com/zen_espressobar?igsh=MWRvcjc2dXVjbXVsZA==,Monday: 8:00 AM – 5:30 PM; Tuesday: 8:00 AM – 5:30 PM; Wednesday: 8:00 AM – 5:30 PM; Thursday: 8:00 AM – 5:30 PM; Friday: 8:00 AM – 5:30 PM; Saturday: 10:00 AM – 3:00 PM; Sunday: 10:00 AM – 3:00 PM,ChIJAbayE66VC0cRqDWjdqPg_aY,https://www.google.com/maps/search/?api=1&query=place&query_place_id=ChIJAbayE66VC0cRqDWjdqPg_aY
Anmi cafe,50.0891063,14.3466221,4.9,298,https://www.instagram.com/anmi.cafe,Monday: 8:00 AM – 6:00 PM; Tuesday: 8:00 AM – 6:00 PM; Wednesday: 8:00 AM – 6:00 PM; Thursday: 8:00 AM – 6:00 PM; Friday: 8:00 AM – 6:00 PM; Saturday: 9:00 AM – 6:00 PM; Sunday: 9:00 AM – 6:00 PM,ChIJjXYIxGuVC0cRp9Scfr0sDN8,https://www.google.com/maps/search/?api=1&query=place&query_place_id=ChIJjXYIxGuVC0cRp9Scfr0sDN8
20m² Espresso bar,50.0844536,14.3758919,4.8,348,https://www.facebook.com/20m2_kapkafe-114605414003765/,Monday: 7:01 AM – 7:01 PM; Tuesday: 7:01 AM – 7:01 PM; Wednesday: 7:01 AM – 7:01 PM; Thursday: 7:01 AM – 7:01 PM; Friday: 7:01 AM – 7:01 PM; Saturday: 12:01 – 6:01 PM; Sunday: 12:01 – 6:01 PM,ChIJfcSZYhSVC0cRs7jZLBrmzBg,https://www.google.com/maps/search/?api=1&query=place&query_place_id=ChIJfcSZYhSVC0cRs7jZLBrmzBg
Tomcat coffee Košíře,50.0711731,14.3824134,4.8,156,,Monday: 8:00 AM – 6:00 PM; Tuesday: 8:00 AM – 6:00 PM; Wednesday: 8:00 AM – 6:00 PM; Thursday: 8:00 AM – 6:00 PM; Friday: 8:00 AM – 6:00 PM; Saturday: 9:00 AM – 6:00 PM; Sunday: 9:00 AM – 6:00 PM,ChIJexTRMGOVC0cRZqWr-tEqrmI,https://www.google.com/maps/search/?api=1&query=place&query_place_id=ChIJexTRMGOVC0cRZqWr-tEqrmI
Helen's coffee Harmonická,50.0511405,14.3297737,4.7,621,http://www.helenscoffee.cz/,Monday: 10:00 AM – 6:00 PM; Tuesday: 10:00 AM – 6:00 PM; Wednesday: 10:00 AM – 6:00 PM; Thursday: 10:00 AM – 6:00 PM; Friday: 10:00 AM – 6:00 PM; Saturday: 10:00 AM – 6:00 PM; Sunday: 10:00 AM – 6:00 PM,ChIJ_wEO8PSVC0cRWn4YxjSBKEE,https://www.google.com/maps/search/?api=1&query=place&query_place_id=ChIJ_wEO8PSVC0cRWn4YxjSBKEE
Version Coffee,50.076791,14.4333274,4.7,716,http://versioncoffee.cz/,Monday: 8:00 AM – 7:00 PM; Tuesday: 8:00 AM – 7:00 PM; Wednesday: 8:00 AM – 7:00 PM; Thursday: 8:00 AM – 7:00 PM; Friday: 8:00 AM – 7:00 PM; Saturday: 9:00 AM – 7:00 PM; Sunday: 9:00 AM – 7:00 PM,ChIJ_-RQmJ-VC0cRfPNrbUwIj-Y,https://www.google.com/maps/search/?api=1&query=place&query_place_id=ChIJ_-RQmJ-VC0cRfPNrbUwIj-Y
DABOV Specialty Coffee Prague,50.0836337,14.4209727,4.8,415,http://www.dabov.coffee/,Monday: 8:30 AM – 6:00 PM; Tuesday: 8:30 AM – 6:00 PM; Wednesday: 8:30 AM – 6:00 PM; Thursday: 8:30 AM – 6:00 PM; Friday: 8:30 AM – 6:00 PM; Saturday: 10:00 AM – 4:00 PM; Sunday: 10:00 AM – 4:00 PM,ChIJ-cfkrtmVC0cRTSF9V_s01PY,https://www.google.com/maps/search/?api=1&query=place&query_place_id=ChIJ-cfkrtmVC0cRTSF9V_s01PY
Elias Coffee Shop,50.0801812,14.426344,4.7,377,https://www.alcronprague.cz/elias-coffee-shop/,Monday: 8:00 AM – 5:00 PM; Tuesday: 8:00 AM – 5:00 PM; Wednesday: 8:00 AM – 5:00 PM; Thursday: 8:00 AM – 5:00 PM; Friday: 8:00 AM – 5:00 PM; Saturday: 8:30 AM – 3:00 PM; Sunday: 8:30 AM – 3:00 PM,ChIJyTcTcrSVC0cRw3mpqIs1czw,https://www.google.com/maps/search/?api=1&query=place&query_place_id=ChIJyTcTcrSVC0cRw3mpqIs1czw
The Miners Old Town,50.0863821,14.4218181,4.7,1239,https://www.theminers.eu/e-shop,Monday: 8:30 AM – 7:30 PM; Tuesday: 8:30 AM – 7:30 PM; Wednesday: 8:30 AM – 7:30 PM; Thursday: 8:30 AM – 7:30 PM; Friday: 8:30 AM – 7:30 PM; Saturday: 8:30 AM – 7:30 PM; Sunday: 8:30 AM – 7:30 PM,ChIJ3XqKYCGVC0cRYE5lAu_5hSY,https://www.google.com/maps/search/?api=1&query=place&query_place_id=ChIJ3XqKYCGVC0cRYE5lAu_5hSY
onesip coffee,50.0912818,14.4253929,4.8,1252,http://www.onesip.coffee/,Monday: 7:30 AM – 6:00 PM; Tuesday: 7:30 AM – 6:00 PM; Wednesday: 7:30 AM – 6:00 PM; Thursday: 7:30 AM – 6:00 PM; Friday: 7:30 AM – 6:00 PM; Saturday: 8:30 AM – 5:00 PM; Sunday: 8:30 AM – 5:00 PM,ChIJc5pD-cGUC0cRf3qi6QH52Fs,https://www.google.com/maps/search/?api=1&query=place&query_place_id=ChIJc5pD-cGUC0cRf3qi6QH52Fs
La Bohème Café,50.076763,14.440858,4.5,2616,https://labohemecafe.cz/,Monday: 8:30 AM – 8:00 PM; Tuesday: 8:30 AM – 8:00 PM; Wednesday: 8:30 AM – 8:00 PM; Thursday: 8:30 AM – 8:00 PM; Friday: 8:30 AM – 8:00 PM; Saturday: 8:30 AM – 8:00 PM; Sunday: 8:30 AM – 8:00 PM,ChIJkVxe0JuRC0cRAN012RgIZsg,https://www.google.com/maps/search/?api=1&query=place&query_place_id=ChIJkVxe0JuRC0cRAN012RgIZsg
Coffee and Riot,50.0797535,14.4183141,4.7,1223,https://www.facebook.com/coffeeandriot,Monday: 8:00 AM – 7:00 PM; Tuesday: 8:00 AM – 7:00 PM; Wednesday: 8:00 AM – 7:00 PM; Thursday: 8:00 AM – 7:00 PM; Friday: 8:00 AM – 7:00 PM; Saturday: 8:00 AM – 7:00 PM; Sunday: 8:00 AM – 7:00 PM,ChIJH0WwjfGUC0cRVKtiOUPf2mo,https://www.google.com/maps/search/?api=1&query=place&query_place_id=ChIJH0WwjfGUC0cRVKtiOUPf2mo
The Miners Coffee Florentinum,50.0888012,14.4356315,4.9,73,https://www.theminers.eu/the-miners-florentinum/,Monday: 8:00 AM – 8:00 PM; Tuesday: 8:00 AM – 8:00 PM; Wednesday: 8:00 AM – 8:00 PM; Thursday: 8:00 AM – 8:00 PM; Friday: 8:00 AM – 8:00 PM; Saturday: 8:30 AM – 8:00 PM; Sunday: 8:30 AM – 8:00 PM,ChIJtfQ-33iVC0cRWCgpGLytoyg,https://www.google.com/maps/search/?api=1&query=place&query_place_id=ChIJtfQ-33iVC0cRWCgpGLytoyg
two dots coffee & pastries,50.07824,14.4566183,4.7,124,http://www.twodots.cz/,Monday: 8:00 AM – 5:00 PM; Tuesday: 8:00 AM – 5:00 PM; Wednesday: 8:00 AM – 5:00 PM; Thursday: 8:00 AM – 5:00 PM; Friday: 8:00 AM – 5:00 PM; Saturday: 9:00 AM – 4:00 PM; Sunday: 9:00 AM – 4:00 PM,ChIJS33CnrCTC0cR26DrtohPZK0,https://www.google.com/maps/search/?api=1&query=place&query_place_id=ChIJS33CnrCTC0cR26DrtohPZK0
GROUNDS L4,50.086866,14.4062194,4.8,586,http://www.grounds.cz/,Monday: 8:00 AM – 5:00 PM; Tuesday: 8:00 AM – 5:00 PM; Wednesday: 8:00 AM – 5:00 PM; Thursday: 8:00 AM – 5:00 PM; Friday: 8:00 AM – 5:00 PM; Saturday: 9:00 AM – 5:00 PM; Sunday: 9:00 AM – 5:00 PM,ChIJOWSX6uOUC0cRVq6Yjm5uZN4,https://www.google.com/maps/search/?api=1&query=place&query_place_id=ChIJOWSX6uOUC0cRVq6Yjm5uZN4
Coffee Room Celetná,50.0871413,14.4233151,4.7,311,https://www.coffeeroom.cz/,Monday: 9:00 AM – 7:00 PM; Tuesday: 9:00 AM – 7:00 PM; Wednesday: 9:00 AM – 7:00 PM; Thursday: 9:00 AM – 7:00 PM; Friday: 9:00 AM – 7:00 PM; Saturday: 9:00 AM – 7:00 PM; Sunday: 9:00 AM – 7:00 PM,ChIJHwwFozqVC0cRUYcEUrHiNMs,https://www.google.com/maps/search/?api=1&query=place&query_place_id=ChIJHwwFozqVC0cRUYcEUrHiNMs
Mugshot Coffee,50.0788683,14.454834,4.9,316,https://www.instagram.com/mugshotcoffee_praha/,Monday: 8:00 AM – 6:00 PM; Tuesday: 8:00 AM – 6:00 PM; Wednesday: 8:00 AM – 6:00 PM; Thursday: 8:00 AM – 6:00 PM; Friday: 8:00 AM – 6:00 PM; Saturday: 10:00 AM – 5:00 PM; Sunday: 10:00 AM – 5:00 PM,ChIJl0nI_WeVC0cRXhc2WgO0yZc,https://www.google.com/maps/search/?api=1&query=place&query_place_id=ChIJl0nI_WeVC0cRXhc2WgO0yZc
SĪTÚ Coffee & Tea,50.0710322,14.4446179,5,399,http://www.situ.cz/,Monday: Closed; Tuesday: 2:00 – 6:30 PM; Wednesday: 9:30 AM – 6:30 PM; Thursday: 9:30 AM – 6:30 PM; Friday: 9:30 AM – 6:30 PM; Saturday: 10:00 AM – 6:30 PM; Sunday: 10:00 AM – 6:30 PM,ChIJ1QyaCTeVC0cRSWzV4etLT40,https://www.google.com/maps/search/?api=1&query=place&query_place_id=ChIJ1QyaCTeVC0cRSWzV4etLT40
Kin & K Bakery,50.0753119,14.4512208,4.6,1172,http://www.coffeeroom.cz/,Monday: 7:30 AM – 6:00 PM; Tuesday: 7:30 AM – 6:00 PM; Wednesday: 7:30 AM – 6:00 PM; Thursday: 7:30 AM – 6:00 PM; Friday: 7:30 AM – 6:00 PM; Saturday: 9:00 AM – 6:00 PM; Sunday: 9:00 AM – 6:00 PM,ChIJ93in7YKUC0cRuoIokRivKwE,https://www.google.com/maps/search/?api=1&query=place&query_place_id=ChIJ93in7YKUC0cRuoIokRivKwE
Cafe Ebel,50.0881995,14.418346,4.8,692,http://www.ebelcoffee.com/,Monday: 8:30 AM – 7:00 PM; Tuesday: 8:30 AM – 7:00 PM; Wednesday: 8:30 AM – 7:00 PM; Thursday: 8:30 AM – 7:00 PM; Friday: 8:30 AM – 7:00 PM; Saturday: 10:00 AM – 7:00 PM; Sunday: 10:00 AM – 7:00 PM,ChIJ9e8a7OiUC0cR_xcaAjELOaU,https://www.google.com/maps/search/?api=1&query=place&query_place_id=ChIJ9e8a7OiUC0cR_xcaAjELOaU
TYPIKA Espresso Bar,50.0706669,14.4588541,4.8,222,https://typika.coffee/cs/praha,Monday: 8:00 AM – 6:00 PM; Tuesday: 8:00 AM – 6:00 PM; Wednesday: 8:00 AM – 6:00 PM; Thursday: 8:00 AM – 6:00 PM; Friday: 8:00 AM – 6:00 PM; Saturday: 9:00 AM – 5:00 PM; Sunday: 9:00 AM – 5:00 PM,ChIJawhVDNGTC0cRn0x5ExHFSkU,https://www.google.com/maps/search/?api=1&query=place&query_place_id=ChIJawhVDNGTC0cRn0x5ExHFSkU
Typhoon Coffee,50.0684257,14.4647409,4.7,461,https://www.typhooncoffee.cz/,Monday: 7:30 AM – 7:00 PM; Tuesday: 7:30 AM – 7:00 PM; Wednesday: 7:30 AM – 7:00 PM; Thursday: 7:30 AM – 7:00 PM; Friday: 7:30 AM – 7:00 PM; Saturday: 10:00 AM – 6:00 PM; Sunday: 10:00 AM – 4:00 PM,ChIJKbDqWy-VC0cRg9jY2BBcq1I,https://www.google.com/maps/search/?api=1&query=place&query_place_id=ChIJKbDqWy-VC0cRg9jY2BBcq1I
Spell Coffee,50.0837849,14.4289903,4.7,652,https://www.instagram.com/spellcoffee/,Monday: 7:00 AM – 8:00 PM; Tuesday: 7:00 AM – 8:00 PM; Wednesday: 7:00 AM – 8:00 PM; Thursday: 7:00 AM – 8:00 PM; Friday: 7:00 AM – 8:00 PM; Saturday: 8:00 AM – 6:00 PM; Sunday: 10:00 AM – 6:00 PM,ChIJ5Ugo76qVC0cRauU4V_6OIMU,https://www.google.com/maps/search/?api=1&query=place&query_place_id=ChIJ5Ugo76qVC0cRauU4V_6OIMU
Head Shot Coffee,50.0817131,14.4235303,4.7,632,https://www.facebook.com/HEADSHOTPALACKEHO/,Monday: 8:00 AM – 6:30 PM; Tuesday: 8:00 AM – 6:30 PM; Wednesday: 8:00 AM – 6:30 PM; Thursday: 8:00 AM – 6:30 PM; Friday: 8:00 AM – 6:30 PM; Saturday: 10:00 AM – 6:00 PM; Sunday: 10:00 AM – 6:00 PM,ChIJWyQfg-2UC0cR64mvbvNmHto,https://www.google.com/maps/search/?api=1&query=place&query_place_id=ChIJWyQfg-2UC0cR64mvbvNmHto
The Miners JZP,50.0787527,14.4481462,4.6,2114,http://www.theminers.eu/,Monday: 7:00 AM – 8:00 PM; Tuesday: 7:00 AM – 8:00 PM; Wednesday: 7:00 AM – 8:00 PM; Thursday: 7:00 AM – 8:00 PM; Friday: 7:00 AM – 8:00 PM; Saturday: 7:00 AM – 8:00 PM; Sunday: 7:00 AM – 8:00 PM,ChIJFSeVQKOVC0cRed9iUJ8saFY,https://www.google.com/maps/search/?api=1&query=place&query_place_id=ChIJFSeVQKOVC0cRed9iUJ8saFY
The Miners Charles Bridge,50.0871933,14.4060011,4.6,663,https://www.theminers.eu/cs,Monday: 8:00 AM – 6:00 PM; Tuesday: 8:00 AM – 6:00 PM; Wednesday: 8:00 AM – 6:00 PM; Thursday: 8:00 AM – 6:00 PM; Friday: 7:00 AM – 6:00 PM; Saturday: 7:00 AM – 6:00 PM; Sunday: 7:00 AM – 6:00 PM,ChIJdzzVsleVC0cRzXoZNhto7h4,https://www.google.com/maps/search/?api=1&query=place&query_place_id=ChIJdzzVsleVC0cRzXoZNhto7h4
Dos Mundos,50.0758825,14.4407818,4.7,637,https://www.dos-mundos.cz/o-nas/vinohrady-sazavska/,Monday: 7:30 AM – 8:00 PM; Tuesday: 7:30 AM – 8:00 PM; Wednesday: 7:30 AM – 8:00 PM; Thursday: 7:30 AM – 8:00 PM; Friday: 7:30 AM – 8:00 PM; Saturday: 9:00 AM – 8:00 PM; Sunday: 9:00 AM – 6:00 PM,ChIJ72EbVoSUC0cRW_1jnR8Wv7s,https://www.google.com/maps/search/?api=1&query=place&query_place_id=ChIJ72EbVoSUC0cRW_1jnR8Wv7s
Botanica Coffee Truck,50.0692046,14.45523,4.7,454,https://www.facebook.com/botanica.coffee.truck/,Monday: 10:00 AM – 6:00 PM; Tuesday: 10:00 AM – 6:00 PM; Wednesday: 10:00 AM – 6:00 PM; Thursday: 10:00 AM – 6:00 PM; Friday: 10:00 AM – 6:00 PM; Saturday: 10:00 AM – 6:00 PM; Sunday: 10:00 AM – 6:00 PM,ChIJKe-7jYiTC0cRoAU4gWrubC0,https://www.google.com/maps/search/?api=1&query=place&query_place_id=ChIJKe-7jYiTC0cRoAU4gWrubC0
EDISON FilmHub,50.0848037,14.4313824,4.7,675,https://www.edisonfilmhub.cz/,Monday: 9:00 AM – 11:00 PM; Tuesday: 9:00 AM – 11:00 PM; Wednesday: 9:00 AM – 11:00 PM; Thursday: 9:00 AM – 11:00 PM; Friday: 9:00 AM – 11:00 PM; Saturday: 9:00 AM – 11:00 PM; Sunday: 9:00 AM – 11:00 PM,ChIJban-2R-VC0cRgo8lakIXBK8,https://www.google.com/maps/search/?api=1&query=place&query_place_id=ChIJban-2R-VC0cRgo8lakIXBK8
Ronin Coffee Spot,50.0725795,14.4409732,4.6,380,https://www.ronincoffeespot.com/,Monday: 8:30 AM – 6:00 PM; Tuesday: 8:30 AM – 6:00 PM; Wednesday: 8:30 AM – 6:00 PM; Thursday: 8:30 AM – 6:00 PM; Friday: 8:30 AM – 6:00 PM; Saturday: 9:30 AM – 6:00 PM; Sunday: 9:30 AM – 6:00 PM,ChIJ1bBA246VC0cRfdbmYb9lbto,https://www.google.com/maps/search/?api=1&query=place&query_place_id=ChIJ1bBA246VC0cRfdbmYb9lbto
Coffee Source Francouzská,50.071805,14.449521,4.6,551,https://coffeesource.eu/,Monday: 8:00 AM – 7:00 PM; Tuesday: 8:00 AM – 7:00 PM; Wednesday: 8:00 AM – 7:00 PM; Thursday: 8:00 AM – 7:00 PM; Friday: 8:00 AM – 7:00 PM; Saturday: 9:00 AM – 6:00 PM; Sunday: 9:00 AM – 6:00 PM,ChIJX4e4UeOVC0cRe8XlHZR9VIc,https://www.google.com/maps/search/?api=1&query=place&query_place_id=ChIJX4e4UeOVC0cRe8XlHZR9VIc
Head Shot Coffee,50.08001,14.4222164,4.7,246,,Monday: 8:00 AM – 4:30 PM; Tuesday: 8:00 AM – 4:30 PM; Wednesday: 8:00 AM – 4:30 PM; Thursday: 8:00 AM – 4:30 PM; Friday: 8:00 AM – 4:30 PM; Saturday: 10:00 AM – 4:00 PM; Sunday: Closed,ChIJwWULZfKUC0cRGYinktWjlrY,https://www.google.com/maps/search/?api=1&query=place&query_place_id=ChIJwWULZfKUC0cRGYinktWjlrY
Acid Coffee,50.0983493,14.4329807,4.7,561,https://www.acidcoffee.cz/,Monday: 8:00 AM – 10:00 PM; Tuesday: 8:00 AM – 10:00 PM; Wednesday: 8:00 AM – 10:00 PM; Thursday: 8:00 AM – 10:00 PM; Friday: 8:00 AM – 10:00 PM; Saturday: 10:00 AM – 10:00 PM; Sunday: 10:00 AM – 8:00 PM,ChIJRzkdnT2VC0cRB2jh6CkBUY0,https://www.google.com/maps/search/?api=1&query=place&query_place_id=ChIJRzkdnT2VC0cRB2jh6CkBUY0
Cafe Alegre,50.0701838,14.4021308,4.6,192,http://www.alegrecafe.cz/,Monday: 7:30 AM – 5:00 PM; Tuesday: 7:30 AM – 5:00 PM; Wednesday: 7:30 AM – 5:00 PM; Thursday: 7:30 AM – 5:00 PM; Friday: 7:30 AM – 5:00 PM; Saturday: Closed; Sunday: Closed,ChIJD8KX91aUC0cRlj33AvWjx-M,https://www.google.com/maps/search/?api=1&query=place&query_place_id=ChIJD8KX91aUC0cRlj33AvWjx-M
Rest Cafe,50.082745,14.4267664,4.7,384,http://www.facebook.com/restcafecz,Monday: 7:00 AM – 7:30 PM; Tuesday: 7:00 AM – 7:30 PM; Wednesday: 7:00 AM – 7:30 PM; Thursday: 7:00 AM – 7:30 PM; Friday: 7:00 AM – 7:30 PM; Saturday: 9:00 AM – 7:30 PM; Sunday: 10:00 AM – 7:30 PM,ChIJk6WqqEuVC0cR6gXmnRU0oWA,https://www.google.com/maps/search/?api=1&query=place&query_place_id=ChIJk6WqqEuVC0cR6gXmnRU0oWA
"25,2 rpm",50.0994472,14.4292683,4.8,443,https://mazelabcoffee.com/,Monday: 8:00 AM – 6:00 PM; Tuesday: 8:00 AM – 6:00 PM; Wednesday: 8:00 AM – 6:00 PM; Thursday: 8:00 AM – 6:00 PM; Friday: 8:00 AM – 6:00 PM; Saturday: 8:00 AM – 6:00 PM; Sunday: 9:00 AM – 5:00 PM,ChIJKSf2OqaVC0cRpgaTKVQsHjk,https://www.google.com/maps/search/?api=1&query=place&query_place_id=ChIJKSf2OqaVC0cRpgaTKVQsHjk
The Miners Letná,50.0994008,14.4309564,4.8,685,https://www.theminers.eu/,Monday: 7:30 AM – 6:30 PM; Tuesday: 7:30 AM – 6:30 PM; Wednesday: 7:30 AM – 6:30 PM; Thursday: 7:30 AM – 6:30 PM; Friday: 7:30 AM – 6:30 PM; Saturday: 8:00 AM – 6:30 PM; Sunday: 8:00 AM – 6:30 PM,ChIJtzO677qVC0cRsakQsxsTID0,https://www.google.com/maps/search/?api=1&query=place&query_place_id=ChIJtzO677qVC0cRsakQsxsTID0
300km coffee and bakery,50.0853188,14.4550169,5,339,https://www.instagram.com/300km_bakery?igsh=dTg1cndsMWwwbTFu&utm_source=qr,Monday: 8:00 AM – 6:00 PM; Tuesday: 8:00 AM – 6:00 PM; Wednesday: 8:00 AM – 6:00 PM; Thursday: 8:00 AM – 6:00 PM; Friday: 8:00 AM – 6:00 PM; Saturday: 9:00 AM – 5:00 PM; Sunday: 9:00 AM – 5:00 PM,ChIJXRSXRQCVC0cR5hz6Cucz2No,https://www.google.com/maps/search/?api=1&query=place&query_place_id=ChIJXRSXRQCVC0cR5hz6Cucz2No
Wild Cafe,50.0717349,14.4360583,4.6,241,https://www.wildcafe.cz/,Monday: 8:00 AM – 10:00 PM; Tuesday: 8:00 AM – 10:00 PM; Wednesday: 8:00 AM – 10:00 PM; Thursday: 8:00 AM – 10:00 PM; Friday: 8:00 AM – 10:00 PM; Saturday: 9:00 AM – 10:00 PM; Sunday: 9:00 AM – 4:00 PM,ChIJFQWeaACVC0cRpWUkS-EIWy4,https://www.google.com/maps/search/?api=1&query=place&query_place_id=ChIJFQWeaACVC0cRpWUkS-EIWy4
The Miners Coffee Karlín,50.0923798,14.4443078,4.8,180,https://www.theminers.eu/the-miners-coffee-karlin/,Monday: 7:30 AM – 7:00 PM; Tuesday: 7:30 AM – 7:00 PM; Wednesday: 7:30 AM – 7:00 PM; Thursday: 7:30 AM – 7:00 PM; Friday: 7:30 AM – 7:00 PM; Saturday: 8:00 AM – 6:00 PM; Sunday: 8:00 AM – 6:00 PM,ChIJHW4xSpmVC0cRzG9WKzMqvDY,https://www.google.com/maps/search/?api=1&query=place&query_place_id=ChIJHW4xSpmVC0cRzG9WKzMqvDY
I need Coffee,50.0736034,14.4162402,4.4,774,http://facebook.com/ineedcoffee.cz,Monday: 7:30 AM – 7:30 PM; Tuesday: 7:30 AM – 7:30 PM; Wednesday: 7:30 AM – 7:30 PM; Thursday: 7:30 AM – 7:30 PM; Friday: 7:30 AM – 7:30 PM; Saturday: 9:30 AM – 5:00 PM; Sunday: Closed,ChIJh3Fg0_WUC0cR4iaRWFDhITM,https://www.google.com/maps/search/?api=1&query=place&query_place_id=ChIJh3Fg0_WUC0cR4iaRWFDhITM
FofrKafe - SOUKENDA,50.0913128,14.4299812,4.8,674,https://www.fofrkafe.cz/,Monday: 8:00 AM – 8:00 PM; Tuesday: 8:00 AM – 8:00 PM; Wednesday: 8:00 AM – 8:00 PM; Thursday: 8:00 AM – 8:00 PM; Friday: 8:00 AM – 8:00 PM; Saturday: 9:00 AM – 8:00 PM; Sunday: Closed,ChIJne07FQmVC0cRKlH4Lkn8-pw,https://www.google.com/maps/search/?api=1&query=place&query_place_id=ChIJne07FQmVC0cRKlH4Lkn8-pw
Kaldi Fresh coffee bar,50.0704025,14.4186588,4.8,535,http://www.kaldi.cz/,Monday: 8:00 AM – 9:30 PM; Tuesday: 8:00 AM – 9:30 PM; Wednesday: 8:00 AM – 9:30 PM; Thursday: 8:00 AM – 9:30 PM; Friday: 8:00 AM – 9:30 PM; Saturday: 10:00 AM – 7:00 PM; Sunday: Closed,ChIJHfFOhF-UC0cRl9exP869WDE,https://www.google.com/maps/search/?api=1&query=place&query_place_id=ChIJHfFOhF-UC0cRl9exP869WDE
May cafe,50.077591,14.4459126,4.7,430,https://mazelabcoffee.com/,Monday: 9:00 AM – 7:00 PM; Tuesday: 9:00 AM – 7:00 PM; Wednesday: 9:00 AM – 7:00 PM; Thursday: 9:00 AM – 7:00 PM; Friday: 9:00 AM – 7:00 PM; Saturday: 9:00 AM – 7:00 PM; Sunday: 9:00 AM – 7:00 PM,ChIJXXHQlD2VC0cRiFwhkFBrJ44,https://www.google.com/maps/search/?api=1&query=place&query_place_id=ChIJXXHQlD2VC0cRiFwhkFBrJ44
Národní 38,50.0826155,14.4212777,4.7,387,http://www.umamy.cz/,Monday: 9:00 AM – 7:00 PM; Tuesday: 9:00 AM – 7:00 PM; Wednesday: 9:00 AM – 7:00 PM; Thursday: 9:00 AM – 7:00 PM; Friday: 9:00 AM – 7:00 PM; Saturday: 9:00 AM – 7:00 PM; Sunday: 10:00 AM – 6:00 PM,ChIJ6wBOrYiVC0cRtg0_PS3pOtY,https://www.google.com/maps/search/?api=1&query=place&query_place_id=ChIJ6wBOrYiVC0cRtg0_PS3pOtY
Urban Café,50.090485,14.435857,4.6,777,http://www.cafeurban.cz/,Monday: 8:00 AM – 6:00 PM; Tuesday: 8:00 AM – 6:00 PM; Wednesday: 8:00 AM – 6:00 PM; Thursday: 8:00 AM – 6:00 PM; Friday: 8:00 AM – 6:00 PM; Saturday: 9:00 AM – 6:00 PM; Sunday: Closed,ChIJF6yeM76UC0cR5xMp-V2RT2A,https://www.google.com/maps/search/?api=1&query=place&query_place_id=ChIJF6yeM76UC0cR5xMp-V2RT2A
LOKA Masaryčka,50.0884523,14.4339373,4.6,268,https://www.loka.cafe/masarycka/,Monday: 7:30 AM – 6:00 PM; Tuesday: 7:30 AM – 6:00 PM; Wednesday: 7:30 AM – 6:00 PM; Thursday: 7:30 AM – 6:00 PM; Friday: 7:30 AM – 6:00 PM; Saturday: 10:00 AM – 6:00 PM; Sunday: 10:00 AM – 6:00 PM,ChIJudM6VfKVC0cRNNSyxoJlmIk,https://www.google.com/maps/search/?api=1&query=place&query_place_id=ChIJudM6VfKVC0cRNNSyxoJlmIk
CAFE TONE,50.0725396,14.407398,4.8,691,http://www.cafetone.cz/,Monday: 7:30 AM – 7:00 PM; Tuesday: 7:30 AM – 7:00 PM; Wednesday: 7:30 AM – 7:00 PM; Thursday: 7:30 AM – 7:00 PM; Friday: 7:30 AM – 8:00 PM; Saturday: 10:00 AM – 8:00 PM; Sunday: 10:00 AM – 7:00 PM,ChIJkfuDZrSVC0cRavqwTeC72oU,https://www.google.com/maps/search/?api=1&query=place&query_place_id=ChIJkfuDZrSVC0cRavqwTeC72oU
My coffee story,50.0896211,14.4685599,4.7,777,,Monday: 8:00 AM – 6:00 PM; Tuesday: 8:00 AM – 6:00 PM; Wednesday: 8:00 AM – 6:00 PM; Thursday: 8:00 AM – 6:00 PM; Friday: 8:00 AM – 6:00 PM; Saturday: 9:00 AM – 3:00 PM; Sunday: 9:00 AM – 3:00 PM,ChIJqw0v4piUC0cR8GloaH4EerY,https://www.google.com/maps/search/?api=1&query=place&query_place_id=ChIJqw0v4piUC0cR8GloaH4EerY
Penguin Coffee Strašnice,50.071917,14.4891649,4.9,59,https://penguincoffee.cz/,Monday: 7:30 AM – 7:00 PM; Tuesday: 7:30 AM – 7:00 PM; Wednesday: 7:30 AM – 7:00 PM; Thursday: 7:30 AM – 7:00 PM; Friday: 7:30 AM – 8:00 PM; Saturday: 10:00 AM – 8:00 PM; Sunday: Closed,ChIJoR5WkMOTC0cRaPCFXzJ5mQM,https://www.google.com/maps/search/?api=1&query=place&query_place_id=ChIJoR5WkMOTC0cRaPCFXzJ5mQM
Kafe U Ševce,50.0711528,14.4853888,4.9,88,https://www.facebook.com/kafeusevce,Monday: 7:30 AM – 6:00 PM; Tuesday: 7:30 AM – 6:00 PM; Wednesday: 7:30 AM – 6:00 PM; Thursday: 7:30 AM – 6:00 PM; Friday: 7:30 AM – 5:00 PM; Saturday: Closed; Sunday: Closed,ChIJyXQndACTC0cRjIAHeT3C_Q8,https://www.google.com/maps/search/?api=1&query=place&query_place_id=ChIJyXQndACTC0cRjIAHeT3C_Q8
Project FOX,50.0927871,14.4890668,5,121,https://www.projectfox.cz/?utm_source=google&utm_medium=gmb&utm_campaign=gmb,Monday: 12:00 – 6:00 PM; Tuesday: 12:00 – 6:00 PM; Wednesday: 12:00 – 6:00 PM; Thursday: 12:00 – 6:00 PM; Friday: 12:00 – 6:00 PM; Saturday: 10:00 AM – 4:00 PM; Sunday: Closed,ChIJl__VIT2TC0cR1qouDni_eBo,https://www.google.com/maps/search/?api=1&query=place&query_place_id=ChIJl__VIT2TC0cR1qouDni_eBo
Kafe na schodech,50.0887481,14.4684496,4.8,252,https://www.facebook.com/vyberovakavazizkov/,Monday: 7:30 AM – 5:00 PM; Tuesday: 7:30 AM – 5:00 PM; Wednesday: 7:30 AM – 5:00 PM; Thursday: 7:30 AM – 5:00 PM; Friday: 7:30 AM – 3:00 PM; Saturday: Closed; Sunday: Closed,ChIJiS16JVyTC0cRvuUzC_lt6Yc,https://www.google.com/maps/search/?api=1&query=place&query_place_id=ChIJiS16JVyTC0cRvuUzC_lt6Yc
Cafe Majada,50.0923584,14.4929981,4.6,345,https://www.cafemajadapraha.cz/,Monday: 7:00 AM – 6:00 PM; Tuesday: 7:00 AM – 6:00 PM; Wednesday: 7:00 AM – 6:00 PM; Thursday: 7:00 AM – 6:00 PM; Friday: 7:00 AM – 6:00 PM; Saturday: 8:00 AM – 6:00 PM; Sunday: 8:00 AM – 6:00 PM,ChIJ75sxnXGTC0cRL923gubZqYg,https://www.google.com/maps/search/?api=1&query=place&query_place_id=ChIJ75sxnXGTC0cRL923gubZqYg
Cafe Spirit,50.0870074,14.4689749,4.7,537,https://www.facebook.com/cafespiritzizkov/,Monday: 8:00 AM – 8:00 PM; Tuesday: 8:00 AM – 8:00 PM; Wednesday: 8:00 AM – 8:00 PM; Thursday: 8:00 AM – 8:00 PM; Friday: 8:00 AM – 8:00 PM; Saturday: 9:00 AM – 6:00 PM; Sunday: 9:00 AM – 6:00 PM,ChIJS93hvl2TC0cR5LSOcw9iAFM,https://www.google.com/maps/search/?api=1&query=place&query_place_id=ChIJS93hvl2TC0cR5LSOcw9iAFM
Coffee Room Holešovice,50.1025849,14.4470884,4.8,47,https://www.coffeeroom.cz/,Monday: 7:30 AM – 6:00 PM; Tuesday: 7:30 AM – 6:00 PM; Wednesday: 7:30 AM – 6:00 PM; Thursday: 7:30 AM – 6:00 PM; Friday: 7:30 AM – 6:00 PM; Saturday: 9:00 AM – 6:00 PM; Sunday: 9:00 AM – 6:00 PM,ChIJi-G-PE-VC0cRsFsRGCYBD1Y,https://www.google.com/maps/search/?api=1&query=place&query_place_id=ChIJi-G-PE-VC0cRsFsRGCYBD1Y
The Miners Port7,50.111253,14.4395349,4.8,170,https://www.theminers.eu/,Monday: 7:30 AM – 6:00 PM; Tuesday: 7:30 AM – 6:00 PM; Wednesday: 7:30 AM – 6:00 PM; Thursday: 7:30 AM – 6:00 PM; Friday: 7:30 AM – 6:00 PM; Saturday: 10:00 AM – 6:00 PM; Sunday: 10:00 AM – 6:00 PM,ChIJ5f899TzrC0cR_Dn6MlvxK8Y,https://www.google.com/maps/search/?api=1&query=place&query_place_id=ChIJ5f899TzrC0cR_Dn6MlvxK8Y
The Miners Coffee Komunardů,50.1042886,14.4497265,4.9,228,https://www.theminers.eu/the-miners-komunardu/,Monday: 7:00 AM – 8:00 PM; Tuesday: 7:00 AM – 8:00 PM; Wednesday: 7:00 AM – 8:00 PM; Thursday: 7:00 AM – 8:00 PM; Friday: 7:00 AM – 8:00 PM; Saturday: 7:00 AM – 8:00 PM; Sunday: 7:00 AM – 8:00 PM,ChIJm4BWhouVC0cRb_eiyXRzzRo,https://www.google.com/maps/search/?api=1&query=place&query_place_id=ChIJm4BWhouVC0cRb_eiyXRzzRo
Mazelab Tasting Studio,50.1009139,14.3986218,4.7,891,https://mazelabcoffee.com/,Monday: 9:00 AM – 6:00 PM; Tuesday: 9:00 AM – 6:00 PM; Wednesday: 9:00 AM – 6:00 PM; Thursday: 9:00 AM – 6:00 PM; Friday: 9:00 AM – 6:00 PM; Saturday: 9:00 AM – 6:00 PM; Sunday: 10:00 AM – 5:00 PM,ChIJ4Rw2HXOVC0cRcdcF7tU0yVo,https://www.google.com/maps/search/?api=1&query=place&query_place_id=ChIJ4Rw2HXOVC0cRcdcF7tU0yVo
21 Coffee,50.1022248,14.452719,4.9,375,https://www.21coffee.eu/,Monday: 7:30 AM – 7:00 PM; Tuesday: 7:30 AM – 7:00 PM; Wednesday: 7:30 AM – 7:00 PM; Thursday: 7:30 AM – 7:00 PM; Friday: 7:30 AM – 7:00 PM; Saturday: 9:00 AM – 7:00 PM; Sunday: 9:00 AM – 5:00 PM,ChIJ9-U24LWVC0cRVP_1G71zVuo,https://www.google.com/maps/search/?api=1&query=place&query_place_id=ChIJ9-U24LWVC0cRVP_1G71zVuo
The Miners Roastery,50.1039614,14.4659874,4.6,320,https://www.theminers.eu/,Monday: 7:30 AM – 6:00 PM; Tuesday: 7:30 AM – 6:00 PM; Wednesday: 7:30 AM – 6:00 PM; Thursday: 7:30 AM – 6:00 PM; Friday: 7:30 AM – 6:00 PM; Saturday: 10:00 AM – 6:00 PM; Sunday: 10:00 AM – 6:00 PM,ChIJZUu0UmKVC0cRR0r1n20nYBc,https://www.google.com/maps/search/?api=1&query=place&query_place_id=ChIJZUu0UmKVC0cRR0r1n20nYBc
DISTRICT 25,50.1332146,14.3932105,4.6,90,https://www.instagram.com/district_25_/,Monday: 8:00 AM – 6:00 PM; Tuesday: 8:00 AM – 6:00 PM; Wednesday: 8:00 AM – 6:00 PM; Thursday: 8:00 AM – 6:00 PM; Friday: 8:00 AM – 6:00 PM; Saturday: 8:00 AM – 6:00 PM; Sunday: 9:00 AM – 6:00 PM,ChIJUYvibqvrC0cRoa4HWofWwlQ,https://www.google.com/maps/search/?api=1&query=place&query_place_id=ChIJUYvibqvrC0cRoa4HWofWwlQ
Kolektor,50.1010757,14.4327945,4.6,1403,https://www.kolektorcafe.cz/,Monday: 9:00 AM – 10:00 PM; Tuesday: 9:00 AM – 10:00 PM; Wednesday: 9:00 AM – 12:00 AM; Thursday: 9:00 AM – 12:00 AM; Friday: 9:00 AM – 12:00 AM; Saturday: 9:00 AM – 12:00 AM; Sunday: 9:00 AM – 10:00 PM,ChIJfXW_l1SVC0cRcO_sBgARGjk,https://www.google.com/maps/search/?api=1&query=place&query_place_id=ChIJfXW_l1SVC0cRcO_sBgARGjk
TYPIKA Holešovice,50.1085552,14.4539154,4.5,280,https://typika.coffee/cs,Monday: 8:00 AM – 8:00 PM; Tuesday: 8:00 AM – 8:00 PM; Wednesday: 8:00 AM – 8:00 PM; Thursday: 8:00 AM – 8:00 PM; Friday: 8:00 AM – 8:00 PM; Saturday: 9:00 AM – 6:00 PM; Sunday: 9:00 AM – 6:00 PM,ChIJafiUvdzrC0cRN33IM4XPoGM,https://www.google.com/maps/search/?api=1&query=place&query_place_id=ChIJafiUvdzrC0cRN33IM4XPoGM
The Miners Victoria Palace,50.1016751,14.3955958,4.7,380,https://www.theminers.eu/,Monday: 7:30 AM – 7:00 PM; Tuesday: 7:30 AM – 7:00 PM; Wednesday: 7:30 AM – 7:00 PM; Thursday: 7:30 AM – 7:00 PM; Friday: 7:30 AM – 7:00 PM; Saturday: 9:00 AM – 7:00 PM; Sunday: 9:00 AM – 7:00 PM,ChIJ3zNMIuqVC0cRSJgMCUT91fo,https://www.google.com/maps/search/?api=1&query=place&query_place_id=ChIJ3zNMIuqVC0cRSJgMCUT91fo
Supernova Bakehouse,50.108171,14.4379261,4.7,586,http://www.supernovabakehouse.cz/,Monday: 8:00 AM – 6:00 PM; Tuesday: 8:00 AM – 6:00 PM; Wednesday: 8:00 AM – 6:00 PM; Thursday: 8:00 AM – 6:00 PM; Friday: 8:00 AM – 6:00 PM; Saturday: 9:00 AM – 6:00 PM; Sunday: 9:00 AM – 6:00 PM,ChIJpw7TKL-VC0cRFGhU0zSYsSU,https://www.google.com/maps/search/?api=1&query=place&query_place_id=ChIJpw7TKL-VC0cRFGhU0zSYsSU
La Forme Café,50.101938,14.4481698,4.7,569,https://www.instagram.com/laformecafe,Monday: 7:30 AM – 7:00 PM; Tuesday: 7:30 AM – 7:00 PM; Wednesday: 7:30 AM – 7:00 PM; Thursday: 7:30 AM – 7:00 PM; Friday: 7:30 AM – 7:00 PM; Saturday: 8:00 AM – 7:00 PM; Sunday: 8:00 AM – 7:00 PM,ChIJ_Y5dDrGUC0cRiMpgFVbRpvA,https://www.google.com/maps/search/?api=1&query=place&query_place_id=ChIJ_Y5dDrGUC0cRiMpgFVbRpvA
Cafe Borzoi,50.1068973,14.3951271,4.8,207,https://cafeborzoi.cz/,Monday: 7:30 AM – 6:00 PM; Tuesday: 7:30 AM – 6:00 PM; Wednesday: 7:30 AM – 6:00 PM; Thursday: 7:30 AM – 6:00 PM; Friday: 7:30 AM – 6:00 PM; Saturday: 9:00 AM – 5:00 PM; Sunday: 9:00 AM – 5:00 PM,ChIJTTa80OWVC0cRSMKK7MqTl1w,https://www.google.com/maps/search/?api=1&query=place&query_place_id=ChIJTTa80OWVC0cRSMKK7MqTl1w
Pleiku coffee,50.109083,14.472256,4.5,111,https://www.instagram.com/pleiku.coffee,Monday: 9:00 AM – 7:00 PM; Tuesday: 9:00 AM – 7:00 PM; Wednesday: 9:00 AM – 7:00 PM; Thursday: 9:00 AM – 7:00 PM; Friday: 9:00 AM – 7:00 PM; Saturday: 9:00 AM – 7:00 PM; Sunday: 9:00 AM – 7:00 PM,ChIJyVU-VADtC0cRdcHTgLtOSrk,https://www.google.com/maps/search/?api=1&query=place&query_place_id=ChIJyVU-VADtC0cRdcHTgLtOSrk
Pauza,50.1025555,14.4719558,4.6,88,https://www.kavovyklub.cz/,Monday: 8:30 AM – 7:30 PM; Tuesday: 8:30 AM – 7:30 PM; Wednesday: 8:30 AM – 7:30 PM; Thursday: 8:30 AM – 7:30 PM; Friday: 8:30 AM – 7:30 PM; Saturday: Closed; Sunday: Closed,ChIJhaT7DauTC0cRlMFNSDdCsDY,https://www.google.com/maps/search/?api=1&query=place&query_place_id=ChIJhaT7DauTC0cRlMFNSDdCsDY