name,address,lat,lon,rating,reviewCount,website,openingHours,source_id,category,primaryType,fetchedAt,googleMapsUrl
Coffee Gallery,"Radlická 117, 158 00 Praha 5, Czechia",50.0470396,14.354767200000001,4,3,https://coffeegallery.cz/,Monday: 9:00 AM – 9:00 PM; Tuesday: 9:00 AM – 9:00 PM; Wednesday: 9:00 AM – 9:00 PM; Thursday: 9:00 AM – 9:00 PM; Friday: 9:00 AM – 9:00 PM; Saturday: 9:00 AM – 9:00 PM; Sunday: 9:00 AM – 9:00 PM,ChIJCT2I8F-VC0cROqXhkMszVK8,Regular Cafe,coffee_shop,2026-05-07T10:36:10.720Z,https://www.google.com/maps/search/?api=1&query=place&query_place_id=ChIJCT2I8F-VC0cROqXhkMszVK8
NIPPAN BAKERY,"K Barrandovu 1173/8, 152 00 Praha 5-Hlubočepy, Czechia",50.026958699999994,14.3679699,4.9,250,https://nippan.cz/,Monday: Closed; Tuesday: 8:00 AM – 5:00 PM; Wednesday: 8:00 AM – 5:00 PM; Thursday: 8:00 AM – 5:00 PM; Friday: 8:00 AM – 5:00 PM; Saturday: 8:00 AM – 5:00 PM; Sunday: 9:00 AM – 5:00 PM,ChIJv0889viXC0cRWkD3KFcFpXI,Regular Cafe,bakery,2026-05-07T10:36:10.720Z,https://www.google.com/maps/search/?api=1&query=place&query_place_id=ChIJv0889viXC0cRWkD3KFcFpXI
Tiny Café Butky Park,"Radlická 520/117, 158 00 Praha 5-Jinonice, Czechia",50.0464056,14.355433399999999,4.8,5,http://www.tinycafe.cz/,Monday: 10:00 AM – 6:00 PM; Tuesday: 10:00 AM – 6:00 PM; Wednesday: 10:00 AM – 6:00 PM; Thursday: 10:00 AM – 6:00 PM; Friday: 10:00 AM – 6:00 PM; Saturday: 10:00 AM – 6:00 PM; Sunday: 10:00 AM – 6:00 PM,ChIJmXltAwCVC0cRfUom8IRe0KI,Regular Cafe,coffee_shop,2026-05-07T10:36:10.720Z,https://www.google.com/maps/search/?api=1&query=place&query_place_id=ChIJmXltAwCVC0cRfUom8IRe0KI
Dalejka kafe & koloniál,"Nad Dalejským údolím 2699/9, 155 00 Praha 13, Czechia",50.035371399999995,14.329427099999998,4.7,157,http://www.kafedalejka.cz/,Monday: 10:00 AM – 6:00 PM; Tuesday: 9:00 AM – 6:00 PM; Wednesday: 9:00 AM – 6:00 PM; Thursday: 10:00 AM – 6:00 PM; Friday: 10:00 AM – 7:00 PM; Saturday: 9:00 AM – 6:00 PM; Sunday: 9:00 AM – 6:00 PM,ChIJ0YrdWbeXC0cRtycu0HKKWwQ,Regular Cafe,coffee_shop,2026-05-07T10:36:10.720Z,https://www.google.com/maps/search/?api=1&query=place&query_place_id=ChIJ0YrdWbeXC0cRtycu0HKKWwQ
La Zmrzka Café - Barrandov,"Náměstí Olgy Scheinpflugové 1284/2, 152 00 Praha 5-Barrandov, Czechia",50.0301401,14.3621704,4.5,137,http://www.lazmrzka.cz/,Monday: 10:00 AM – 6:00 PM; Tuesday: 10:00 AM – 6:00 PM; Wednesday: 10:00 AM – 6:00 PM; Thursday: 10:00 AM – 6:00 PM; Friday: 10:00 AM – 6:00 PM; Saturday: 9:00 AM – 6:00 PM; Sunday: 9:00 AM – 6:00 PM,ChIJR9xrLLaXC0cREHPbSYD1RNg,Regular Cafe,coffee_shop,2026-05-07T10:36:10.720Z,https://www.google.com/maps/search/?api=1&query=place&query_place_id=ChIJR9xrLLaXC0cREHPbSYD1RNg
HS Cafe Luka,"Mukařovského 2590/2, 155 00 Praha 13-Stodůlky, Czechia",50.0454219,14.3229013,5,2,https://www.hammerstrength.cz/cs/pobocka-luka/hs-cafe-3,Monday: 7:00 AM – 10:00 PM; Tuesday: 7:00 AM – 10:00 PM; Wednesday: 7:00 AM – 10:00 PM; Thursday: 7:00 AM – 10:00 PM; Friday: 7:00 AM – 10:00 PM; Saturday: 9:00 AM – 9:00 PM; Sunday: 9:00 AM – 9:00 PM,ChIJwU5p8rKVC0cRYMs4TUFP0WI,Regular Cafe,coffee_shop,2026-05-07T10:36:10.720Z,https://www.google.com/maps/search/?api=1&query=place&query_place_id=ChIJwU5p8rKVC0cRYMs4TUFP0WI
Petit Barrandov,"Voskovcova 1035/22, 152 00 Praha 5-Barrandov, Czechia",50.029834,14.368289499999998,4.3,78,http://petitbarrandov.cz/,Monday: 7:30 AM – 7:00 PM; Tuesday: 7:30 AM – 7:00 PM; Wednesday: 7:30 AM – 7:00 PM; Thursday: 7:30 AM – 7:00 PM; Friday: 7:30 AM – 7:00 PM; Saturday: Closed; Sunday: Closed,ChIJWfR2h8yXC0cR-hfa3aLNGX4,Regular Cafe,coffee_shop,2026-05-07T10:36:10.720Z,https://www.google.com/maps/search/?api=1&query=place&query_place_id=ChIJWfR2h8yXC0cR-hfa3aLNGX4
Kavárna a vinárna KRISTIAN,"Grussova 6, 152 00 Praha 5-Barrandov, Czechia",50.0355324,14.3736704,4.5,203,https://www.instagram.com/cafe_kristian/,Monday: 7:30 AM – 9:00 PM; Tuesday: 7:30 AM – 9:00 PM; Wednesday: 7:30 AM – 9:00 PM; Thursday: 7:30 AM – 9:00 PM; Friday: 7:30 AM – 9:00 PM; Saturday: 9:00 AM – 9:00 PM; Sunday: 9:00 AM – 9:00 PM,ChIJu11fIaSVC0cRO8wf-JXhj3U,Regular Cafe,coffee_shop,2026-05-07T10:36:10.720Z,https://www.google.com/maps/search/?api=1&query=place&query_place_id=ChIJu11fIaSVC0cRO8wf-JXhj3U
Felicity food,"2256, Archeologická 2256/1, 155 00 Praha 13, Czechia",50.0439611,14.331935300000001,4.1,47,https://felicityfood.cz/,Monday: 8:00 AM – 8:00 PM; Tuesday: 8:00 AM – 8:00 PM; Wednesday: 8:00 AM – 8:00 PM; Thursday: 8:00 AM – 8:00 PM; Friday: 8:00 AM – 8:00 PM; Saturday: 9:00 AM – 8:00 PM; Sunday: 9:00 AM – 8:00 PM,ChIJj2nzNQCVC0cR3hqTLE4-yW8,Regular Cafe,coffee_shop,2026-05-07T10:36:10.720Z,https://www.google.com/maps/search/?api=1&query=place&query_place_id=ChIJj2nzNQCVC0cR3hqTLE4-yW8
KB Café,"nám. Junkových 2772/1, 155 00 Praha 5, Czechia",50.046408799999995,14.306470399999998,,,https://www.perfectcanteen.cz/canteens/komercni-banka,Monday: 8:00 AM – 4:30 PM; Tuesday: 8:00 AM – 4:30 PM; Wednesday: 8:00 AM – 4:30 PM; Thursday: 8:00 AM – 4:30 PM; Friday: 8:00 AM – 4:30 PM; Saturday: Closed; Sunday: Closed,ChIJf5sjzp6_C0cRsrph8d9UMDA,Regular Cafe,coffee_shop,2026-05-07T10:36:10.720Z,https://www.google.com/maps/search/?api=1&query=place&query_place_id=ChIJf5sjzp6_C0cRsrph8d9UMDA
Bonneville Cafe & Co.,"Šífařská 548/4, 147 00 Praha 4-Hodkovičky, Czechia",50.0214761,14.402931,5,20,https://www.tcrb.eu/bonneville-cafe-co/,Monday: 9:00 AM – 8:00 PM; Tuesday: Closed; Wednesday: Closed; Thursday: 9:00 AM – 8:00 PM; Friday: 9:00 AM – 8:00 PM; Saturday: 9:00 AM – 8:00 PM; Sunday: 10:00 AM – 6:00 PM,ChIJFzc4HQCXC0cRB1acN7j2zmE,Regular Cafe,coffee_shop,2026-05-07T10:36:10.720Z,https://www.google.com/maps/search/?api=1&query=place&query_place_id=ChIJFzc4HQCXC0cRB1acN7j2zmE
Libuškafe,"Novodvorská 800/21, 142 00 Praha-Libuš, Czechia",50.013462999999994,14.4522751,5,19,,Monday: 9:00 AM – 9:00 PM; Tuesday: 9:00 AM – 9:00 PM; Wednesday: 9:00 AM – 9:00 PM; Thursday: 9:00 AM – 9:00 PM; Friday: 9:00 AM – 9:00 PM; Saturday: 12:00 – 9:00 PM; Sunday: 12:00 – 9:00 PM,ChIJk687v3CRC0cR5Cte92iQIuY,Regular Cafe,coffee_shop,2026-05-07T10:36:10.720Z,https://www.google.com/maps/search/?api=1&query=place&query_place_id=ChIJk687v3CRC0cR5Cte92iQIuY
Kontík Libuš,"Meteorologická, 142 00 Praha-Libuš, Czechia",50.0057903,14.457439899999997,4.9,233,,Monday: 12:00 – 7:00 PM; Tuesday: 12:00 – 7:00 PM; Wednesday: 12:00 – 7:00 PM; Thursday: 12:00 – 7:00 PM; Friday: 12:00 – 7:00 PM; Saturday: 2:00 – 7:00 PM; Sunday: 2:00 – 7:00 PM,ChIJ31sg4q-RC0cRBECwKMmdc20,Regular Cafe,coffee_shop,2026-05-07T10:36:10.720Z,https://www.google.com/maps/search/?api=1&query=place&query_place_id=ChIJ31sg4q-RC0cRBECwKMmdc20
ZahálCafé,"Mezi Vodami 2417/39, Belárie, 143 00 Praha-Praha 12, Czechia",50.0168575,14.400741900000002,4.6,49,https://www.zahalcafe.cz/,Monday: 9:00 AM – 10:00 PM; Tuesday: 9:00 AM – 10:00 PM; Wednesday: 9:00 AM – 10:00 PM; Thursday: 9:00 AM – 10:00 PM; Friday: 9:00 AM – 10:00 PM; Saturday: 9:00 AM – 10:00 PM; Sunday: 9:00 AM – 10:00 PM,ChIJ9cVF_a-XC0cRfnglVjUWjbU,Regular Cafe,coffee_shop,2026-05-07T10:36:10.720Z,https://www.google.com/maps/search/?api=1&query=place&query_place_id=ChIJ9cVF_a-XC0cRfnglVjUWjbU
Crowd Cafe,"Na Líše 1284/12, 141 00 Praha 4, Czechia",50.046603399999995,14.4657153,4.7,182,http://www.crowdcafe.cz/,Monday: 9:00 AM – 7:00 PM; Tuesday: 9:00 AM – 7:00 PM; Wednesday: 9:00 AM – 7:00 PM; Thursday: 9:00 AM – 7:00 PM; Friday: 9:00 AM – 7:00 PM; Saturday: Closed; Sunday: Closed,ChIJdfZDQkiTC0cRbbptAuP4ogo,Regular Cafe,coffee_shop,2026-05-07T10:36:10.720Z,https://www.google.com/maps/search/?api=1&query=place&query_place_id=ChIJdfZDQkiTC0cRbbptAuP4ogo
"An Pastry (coffee, bakery, tea)","Branická 147/65, 147 00 Praha 4-Braník, Czechia",50.0357511,14.4140888,5,137,https://www.instagram.com/anpastry_cz?igsh=MXBhcWFqN202emtkMQ==,Monday: 8:30 AM – 7:00 PM; Tuesday: 8:30 AM – 7:00 PM; Wednesday: 8:30 AM – 7:00 PM; Thursday: 8:30 AM – 7:00 PM; Friday: 8:30 AM – 7:00 PM; Saturday: 9:00 AM – 7:00 PM; Sunday: 9:00 AM – 7:00 PM,ChIJE-Kj1nOVC0cRxSEGhXouMms,Regular Cafe,bakery,2026-05-07T10:36:10.720Z,https://www.google.com/maps/search/?api=1&query=place&query_place_id=ChIJE-Kj1nOVC0cRxSEGhXouMms
KAVÁRNA ..DVA ŠÁLKY..,"Budějovická 13, 140 00 Praha 4, Czechia",50.046211,14.447696100000002,4.7,130,,Monday: 9:00 AM – 9:00 PM; Tuesday: 9:00 AM – 9:00 PM; Wednesday: 9:00 AM – 9:00 PM; Thursday: 9:00 AM – 9:00 PM; Friday: 9:00 AM – 9:00 PM; Saturday: 12:00 – 7:00 PM; Sunday: Closed,ChIJ4fDCEQCTC0cRc4WAMMad2KY,Regular Cafe,coffee_shop,2026-05-07T10:36:10.720Z,https://www.google.com/maps/search/?api=1&query=place&query_place_id=ChIJ4fDCEQCTC0cRc4WAMMad2KY
Café VELOKLASIK,"Pikovická 516, 147 00 Praha 4-Braník, Czechia",50.030184399999996,14.4075341,4.7,253,https://cafe.veloklasik.cz/,Monday: 8:00 AM – 8:00 PM; Tuesday: 8:00 AM – 8:00 PM; Wednesday: 8:00 AM – 8:00 PM; Thursday: 8:00 AM – 8:00 PM; Friday: 8:00 AM – 8:00 PM; Saturday: 8:00 AM – 8:00 PM; Sunday: 8:00 AM – 8:00 PM,ChIJy2vZiC6XC0cRaqGxjuMMqo8,Regular Cafe,coffee_shop,2026-05-07T10:36:10.720Z,https://www.google.com/maps/search/?api=1&query=place&query_place_id=ChIJy2vZiC6XC0cRaqGxjuMMqo8
ESSA CRÈME by tatacake.cz,"Zelený pruh 99, 140 00 Praha-Praha 4, Czechia",50.039577099999995,14.429066899999999,5,4,https://www.instagram.com/tatacake.cz?igsh=MzExMjN4MWFjbWdu&utm_source=qr,Monday: 10:00 AM – 6:30 PM; Tuesday: 10:00 AM – 6:30 PM; Wednesday: 10:00 AM – 6:30 PM; Thursday: 10:00 AM – 6:30 PM; Friday: 10:00 AM – 6:30 PM; Saturday: 11:00 AM – 4:00 PM; Sunday: 11:00 AM – 4:00 PM,ChIJFzQErWKVC0cRdNOHYnCtEdY,Regular Cafe,pastry_shop,2026-05-07T10:36:10.720Z,https://www.google.com/maps/search/?api=1&query=place&query_place_id=ChIJFzQErWKVC0cRdNOHYnCtEdY
Café Parkofka,"Pod dálnicí 1592/13, 140 00 Praha 4-Michle, Czechia",50.0459278,14.4596627,4.7,188,https://cafeparkofka.cz/,Monday: 8:00 AM – 7:00 PM; Tuesday: 8:00 AM – 7:00 PM; Wednesday: 8:00 AM – 7:00 PM; Thursday: 8:00 AM – 7:00 PM; Friday: 8:00 AM – 7:00 PM; Saturday: 10:00 AM – 7:00 PM; Sunday: 10:00 AM – 7:00 PM,ChIJ50W1UwCTC0cRZdsbquRYkoQ,Regular Cafe,coffee_shop,2026-05-07T10:36:10.720Z,https://www.google.com/maps/search/?api=1&query=place&query_place_id=ChIJ50W1UwCTC0cRZdsbquRYkoQ
Microsoft Cafe,"Vyskočilova 1561/4a, 140 00 Praha 4, Czechia",50.047956199999994,14.457643000000001,5,1,,Monday: 8:00 AM – 6:00 PM; Tuesday: 8:00 AM – 6:00 PM; Wednesday: 8:00 AM – 6:00 PM; Thursday: 8:00 AM – 6:00 PM; Friday: 8:00 AM – 6:00 PM; Saturday: Closed; Sunday: Closed,ChIJSbz9FACTC0cR66DTbJMVqo8,Regular Cafe,coffee_shop,2026-05-07T10:36:10.720Z,https://www.google.com/maps/search/?api=1&query=place&query_place_id=ChIJSbz9FACTC0cR66DTbJMVqo8
Cafe Residence,"Ke Krči 1873/60, 147 00 Praha 4, Czechia",50.0340172,14.415211299999998,4.6,313,https://caferesidence.com/,Monday: 8:00 AM – 9:00 PM; Tuesday: 8:00 AM – 9:00 PM; Wednesday: 8:00 AM – 9:00 PM; Thursday: 8:00 AM – 9:00 PM; Friday: 8:00 AM – 9:00 PM; Saturday: 9:00 AM – 7:00 PM; Sunday: 9:00 AM – 7:00 PM,ChIJR0e-mQiVC0cRhqwZuNeiHKM,Regular Cafe,coffee_shop,2026-05-07T10:36:10.720Z,https://www.google.com/maps/search/?api=1&query=place&query_place_id=ChIJR0e-mQiVC0cRhqwZuNeiHKM
Kavárna Dvě Páky,"Zimova 1025/1B, 142 00 Praha 12, Czechia",50.0068202,14.450491200000002,5,87,https://www.instagram.com/kavarna_dve_paky/,Monday: 7:30 AM – 6:00 PM; Tuesday: 7:30 AM – 6:00 PM; Wednesday: 7:30 AM – 6:00 PM; Thursday: 7:30 AM – 6:00 PM; Friday: 7:30 AM – 6:00 PM; Saturday: 8:00 AM – 6:00 PM; Sunday: 8:00 AM – 6:00 PM,ChIJAw30AACRC0cRVQh-DUd_lXo,Regular Cafe,coffee_shop,2026-05-07T10:36:10.720Z,https://www.google.com/maps/search/?api=1&query=place&query_place_id=ChIJAw30AACRC0cRVQh-DUd_lXo
Kávafaktura Modřany,"Čs. exilu 40, 143 00 Praha 12, Czechia",50.0046293,14.416481099999999,4.7,412,http://kavafaktura.cz/,Monday: 7:30 AM – 7:00 PM; Tuesday: 7:30 AM – 7:00 PM; Wednesday: 7:30 AM – 7:00 PM; Thursday: 7:30 AM – 7:00 PM; Friday: 7:30 AM – 7:00 PM; Saturday: 9:00 AM – 6:00 PM; Sunday: 9:00 AM – 6:00 PM,ChIJV1CiDP6RC0cROBQl4ofuD2M,Regular Cafe,coffee_shop,2026-05-07T10:36:10.720Z,https://www.google.com/maps/search/?api=1&query=place&query_place_id=ChIJV1CiDP6RC0cROBQl4ofuD2M
CoffeeHub,"29b, Mezi Vodami 2282, Modřany, 143 00 Praha-Praha 12, Czechia",50.0134124,14.4015443,4.8,115,https://www.coffeehub.cz/,Monday: 9:00 AM – 5:00 PM; Tuesday: 9:00 AM – 5:00 PM; Wednesday: 9:00 AM – 5:00 PM; Thursday: 9:00 AM – 5:00 PM; Friday: 9:00 AM – 5:00 PM; Saturday: Closed; Sunday: Closed,ChIJ3ey7rmKUC0cRLq9HHzJ7Js8,Regular Cafe,wholesaler,2026-05-07T10:36:10.720Z,https://www.google.com/maps/search/?api=1&query=place&query_place_id=ChIJ3ey7rmKUC0cRLq9HHzJ7Js8
Fajn Kafe,"Pertoldova 3346, 140 00 Praha 4-Modřany, Czechia",50.0005556,14.427402400000002,4.8,12,,Monday: 6:00 AM – 2:30 PM; Tuesday: 6:00 AM – 2:30 PM; Wednesday: 6:00 AM – 2:30 PM; Thursday: 6:00 AM – 2:30 PM; Friday: 6:00 AM – 2:30 PM; Saturday: Closed; Sunday: Closed,ChIJL9gQPgCRC0cRu-9dZqvgFrY,Regular Cafe,coffee_shop,2026-05-07T10:36:10.720Z,https://www.google.com/maps/search/?api=1&query=place&query_place_id=ChIJL9gQPgCRC0cRu-9dZqvgFrY
Pivotéka DBK,"Budějovická OC DBK, 140 00 Praha 4, Czechia",50.043969499999996,14.4490868,4.5,101,http://pivoteka-dbk.cz/,Monday: 9:00 AM – 8:00 PM; Tuesday: 9:00 AM – 8:00 PM; Wednesday: 9:00 AM – 8:00 PM; Thursday: 9:00 AM – 8:00 PM; Friday: 9:00 AM – 8:00 PM; Saturday: 9:00 AM – 7:00 PM; Sunday: 9:00 AM – 7:00 PM,ChIJUzQtT96TC0cRptcwI-AXZMU,Regular Cafe,liquor_store,2026-05-07T10:36:10.720Z,https://www.google.com/maps/search/?api=1&query=place&query_place_id=ChIJUzQtT96TC0cRptcwI-AXZMU
Potraviny Kolobok,"Jihlavská 610/16, 140 00 Praha-Praha 4, Czechia",50.0446775,14.4533275,4.7,257,https://www.kolobok.eu/,Monday: 9:00 AM – 9:00 PM; Tuesday: 9:00 AM – 9:00 PM; Wednesday: 9:00 AM – 9:00 PM; Thursday: 9:00 AM – 9:00 PM; Friday: 9:00 AM – 9:00 PM; Saturday: 9:00 AM – 9:00 PM; Sunday: 10:00 AM – 9:00 PM,ChIJj99iU5KTC0cR0sXsU9RvFWM,Regular Cafe,grocery_store,2026-05-07T10:36:10.720Z,https://www.google.com/maps/search/?api=1&query=place&query_place_id=ChIJj99iU5KTC0cR0sXsU9RvFWM
Cafe in Exile,"Čs. exilu 2175/32, 143 00 Praha 12-Modřany, Czechia",50.0053859,14.4162657,4.6,962,http://kavarnavexilu.cz/,Monday: 8:00 AM – 7:00 PM; Tuesday: 8:00 AM – 7:00 PM; Wednesday: 8:00 AM – 7:00 PM; Thursday: 8:00 AM – 7:00 PM; Friday: 8:00 AM – 7:00 PM; Saturday: 9:00 AM – 2:00 PM; Sunday: 9:00 AM – 6:00 PM,ChIJGVhLKsuWC0cRJGqyPOhAT0Y,Regular Cafe,coffee_shop,2026-05-07T10:36:10.720Z,https://www.google.com/maps/search/?api=1&query=place&query_place_id=ChIJGVhLKsuWC0cRJGqyPOhAT0Y
Caffé U Makronky,"K Sídlišti 11, 140 00 Praha 4, Czechia",50.0461044,14.4299918,4.6,178,http://u-makronky.webnode.cz/,,ChIJh-PPhQyUC0cRUD-d9GZLhkA,Regular Cafe,coffee_shop,2026-05-07T10:36:10.720Z,https://www.google.com/maps/search/?api=1&query=place&query_place_id=ChIJh-PPhQyUC0cRUD-d9GZLhkA
Cafe a trsátka,"140 00 Prague 4, Czechia",50.049626200000006,14.4367725,4.3,143,https://www.facebook.com/cafe.a.trsatka/,Monday: 8:00 AM – 5:00 PM; Tuesday: 8:00 AM – 5:00 PM; Wednesday: 8:00 AM – 5:00 PM; Thursday: 8:00 AM – 5:00 PM; Friday: 8:00 AM – 3:00 PM; Saturday: Closed; Sunday: Closed,ChIJoWLBHxeVC0cRbeg-mITOa2o,Regular Cafe,coffee_shop,2026-05-07T10:36:10.720Z,https://www.google.com/maps/search/?api=1&query=place&query_place_id=ChIJoWLBHxeVC0cRbeg-mITOa2o
Potraviny - Branické náměstí,"Ke Krči, 147 00 Praha 4, Czechia",50.034310299999994,14.414807099999999,4.8,35,,Monday: 7:00 AM – 10:00 PM; Tuesday: 7:00 AM – 10:00 PM; Wednesday: 7:00 AM – 10:00 PM; Thursday: 7:00 AM – 10:00 PM; Friday: 7:00 AM – 10:00 PM; Saturday: 8:00 AM – 10:00 PM; Sunday: 8:00 AM – 10:00 PM,ChIJqTKuhQ-VC0cRc6J7-vpoPAY,Regular Cafe,grocery_store,2026-05-07T10:36:10.720Z,https://www.google.com/maps/search/?api=1&query=place&query_place_id=ChIJqTKuhQ-VC0cRc6J7-vpoPAY
Potraviny Covertia,"Kačerov, 141 00 Praha 4, Czechia",50.0421082,14.460726200000002,4.2,49,http://www.covertia.cz/,Monday: 6:00 AM – 9:30 PM; Tuesday: 6:00 AM – 9:30 PM; Wednesday: 6:00 AM – 9:30 PM; Thursday: 6:00 AM – 9:30 PM; Friday: 6:00 AM – 9:30 PM; Saturday: 7:00 AM – 8:00 PM; Sunday: 9:00 AM – 8:00 PM,ChIJhy5quDSTC0cRlwE5_j8SQ8I,Regular Cafe,grocery_store,2026-05-07T10:36:10.720Z,https://www.google.com/maps/search/?api=1&query=place&query_place_id=ChIJhy5quDSTC0cRlwE5_j8SQ8I
Čerstvě mletá káva z českých pražíren - KÁVES,"Blažimská 3141, 149 00 Praha 11-Chodov, Czechia",50.0422012,14.494705499999998,5,13,http://joinkaves.com/,Monday: 7:00 AM – 9:00 PM; Tuesday: 7:00 AM – 9:00 PM; Wednesday: 7:00 AM – 9:00 PM; Thursday: 7:00 AM – 9:00 PM; Friday: 7:00 AM – 9:00 PM; Saturday: 7:00 AM – 9:00 PM; Sunday: 7:00 AM – 9:00 PM,ChIJa08tGgCTC0cRdPQcxZBCUHU,Regular Cafe,coffee_shop,2026-05-07T10:36:10.720Z,https://www.google.com/maps/search/?api=1&query=place&query_place_id=ChIJa08tGgCTC0cRdPQcxZBCUHU
CAFFE SALT MADAM MAI,"2F2F+WV, 142 00 Libuš, Czechia",50.0021333,14.4741185,4.9,49,,Monday: 9:00 AM – 6:30 PM; Tuesday: 9:00 AM – 6:30 PM; Wednesday: 9:00 AM – 6:30 PM; Thursday: 9:00 AM – 6:30 PM; Friday: 9:00 AM – 6:30 PM; Saturday: 9:00 AM – 6:30 PM; Sunday: 9:00 AM – 6:30 PM,ChIJI4ccRwCRC0cRTcimDdekUuA,Regular Cafe,coffee_shop,2026-05-07T10:36:10.720Z,https://www.google.com/maps/search/?api=1&query=place&query_place_id=ChIJI4ccRwCRC0cRTcimDdekUuA
Cafe Doha,"SAPA, Libušská, 142 00 Praha-Libuš-SAPA, Czechia",50.0023322,14.4744967,4.9,53,,Monday: 9:30 AM – 7:00 PM; Tuesday: 9:30 AM – 7:00 PM; Wednesday: 9:30 AM – 7:00 PM; Thursday: 9:30 AM – 7:00 PM; Friday: 9:30 AM – 7:00 PM; Saturday: 9:00 AM – 7:00 PM; Sunday: 9:00 AM – 7:00 PM,ChIJy6mGCACRC0cRgNwvUGhIgHk,Regular Cafe,coffee_shop,2026-05-07T10:36:10.720Z,https://www.google.com/maps/search/?api=1&query=place&query_place_id=ChIJy6mGCACRC0cRgNwvUGhIgHk
Koffee Break Station,"Chemická 955/3, 148 00 Praha-Kunratice, Czechia",50.019887,14.4973636,4.1,12,http://www.koffeebreakstation.cz/,Monday: Open 24 hours; Tuesday: Open 24 hours; Wednesday: Open 24 hours; Thursday: Open 24 hours; Friday: Open 24 hours; Saturday: Open 24 hours; Sunday: Open 24 hours,ChIJt0NFz_CTC0cRdeJO3ChwBQo,Regular Cafe,coffee_shop,2026-05-07T10:36:10.720Z,https://www.google.com/maps/search/?api=1&query=place&query_place_id=ChIJt0NFz_CTC0cRdeJO3ChwBQo
Matcha Crew,"Roztylská 2321/19, 148 00 Praha 11-Chodov, Czechia",50.0307272,14.4908696,4.5,129,https://matchacrew.choiceqr.com/online-menu,Monday: 9:00 AM – 9:00 PM; Tuesday: 9:00 AM – 9:00 PM; Wednesday: 9:00 AM – 9:00 PM; Thursday: 9:00 AM – 9:00 PM; Friday: 9:00 AM – 9:00 PM; Saturday: 9:00 AM – 9:00 PM; Sunday: 9:00 AM – 9:00 PM,ChIJr6X3eLiTC0cRCNVcIaq_yxA,Regular Cafe,cafe,2026-05-07T10:36:10.720Z,https://www.google.com/maps/search/?api=1&query=place&query_place_id=ChIJr6X3eLiTC0cRCNVcIaq_yxA
dendrite Kafé,"25, Hekrova 805, Háje, 149 00 Praha-Praha 11, Czechia",50.0381301,14.5172463,4.5,107,http://www.esethelp.cz/,Monday: 11:00 AM – 10:00 PM; Tuesday: 11:00 AM – 10:00 PM; Wednesday: 11:00 AM – 10:00 PM; Thursday: 11:00 AM – 10:00 PM; Friday: 11:00 AM – 10:00 PM; Saturday: Closed; Sunday: Closed,ChIJkf3PkUCSC0cRujXg3wI8-vc,Regular Cafe,coffee_shop,2026-05-07T10:36:10.720Z,https://www.google.com/maps/search/?api=1&query=place&query_place_id=ChIJkf3PkUCSC0cRujXg3wI8-vc
Café Columna,"Babická 2329/2, Chodov, 149 00 Praha 4 - Chodov-Praha 11, Czechia",50.039687,14.498382999999997,4.1,131,https://cafe.restauracecolumna.cz/,Monday: 7:00 AM – 5:00 PM; Tuesday: 7:00 AM – 5:00 PM; Wednesday: 7:00 AM – 5:00 PM; Thursday: 7:00 AM – 5:00 PM; Friday: 7:00 AM – 5:00 PM; Saturday: Closed; Sunday: Closed,ChIJrbcGdkqSC0cRsKZ9LWmZbjY,Regular Cafe,coffee_shop,2026-05-07T10:36:10.720Z,https://www.google.com/maps/search/?api=1&query=place&query_place_id=ChIJrbcGdkqSC0cRsKZ9LWmZbjY
POVfood Potraviny - MiniMarket,"Knovízská 2, 149 00 Praha 11-Chodov, Czechia",50.0403551,14.500181399999999,4.6,118,,Monday: 8:00 AM – 8:30 PM; Tuesday: 8:00 AM – 8:30 PM; Wednesday: 8:00 AM – 8:30 PM; Thursday: 8:00 AM – 8:30 PM; Friday: 8:00 AM – 8:30 PM; Saturday: 9:00 AM – 8:00 PM; Sunday: 9:00 AM – 8:00 PM,ChIJUz1ezdqTC0cRsUbAYxVIKAo,Regular Cafe,grocery_store,2026-05-07T10:36:10.720Z,https://www.google.com/maps/search/?api=1&query=place&query_place_id=ChIJUz1ezdqTC0cRsUbAYxVIKAo
KOFI KOFI,"Chodov, 148 00 Prague 11, Czechia",50.031151300000005,14.491752299999998,3.7,3,,Monday: 7:30 AM – 6:00 PM; Tuesday: 7:30 AM – 6:00 PM; Wednesday: 7:30 AM – 6:00 PM; Thursday: 7:30 AM – 6:00 PM; Friday: 7:30 AM – 6:00 PM; Saturday: 8:30 AM – 5:00 PM; Sunday: 8:30 AM – 5:00 PM,ChIJz-N0PQCTC0cR-jf0n9oJ6os,Regular Cafe,coffee_shop,2026-05-07T10:36:10.720Z,https://www.google.com/maps/search/?api=1&query=place&query_place_id=ChIJz-N0PQCTC0cR-jf0n9oJ6os
Hippo Café - Pražírna kávy,"SAPA, 142 00 Praha-Praha-Libuš, Czechia",50.0039041,14.474403599999999,4.8,226,https://www.hippocafe.cz/,Monday: 9:00 AM – 5:00 PM; Tuesday: 9:00 AM – 5:00 PM; Wednesday: 9:00 AM – 5:00 PM; Thursday: 9:00 AM – 5:00 PM; Friday: 9:00 AM – 5:00 PM; Saturday: 9:00 AM – 5:00 PM; Sunday: 9:00 AM – 5:00 PM,ChIJmebdhH2RC0cRxVaTJ7liO1U,Regular Cafe,cafe,2026-05-07T10:36:10.720Z,https://www.google.com/maps/search/?api=1&query=place&query_place_id=ChIJmebdhH2RC0cRxVaTJ7liO1U
Minimum Waste Chodov,"Roztylská 2321/19 Westfield, 148 00 Praha 11-Chodov, Czechia",50.032170099999995,14.490331300000001,,,https://shop.minimumwaste.eu/,Monday: 9:00 AM – 9:00 PM; Tuesday: 9:00 AM – 9:00 PM; Wednesday: 9:00 AM – 9:00 PM; Thursday: 9:00 AM – 9:00 PM; Friday: 9:00 AM – 9:00 PM; Saturday: 9:00 AM – 9:00 PM; Sunday: 9:00 AM – 9:00 PM,ChIJv4QtT1iTC0cRwXskOQvcEZs,Regular Cafe,food_store,2026-05-07T10:36:10.720Z,https://www.google.com/maps/search/?api=1&query=place&query_place_id=ChIJv4QtT1iTC0cRwXskOQvcEZs
Kavárna Bílá vrána,"Donovalská 2222, 149 00 Praha 11-Chodov, Czechia",50.0364721,14.506598799999999,4.8,4,https://kavarnabilavrana.cz/domains/kavarnabilavrana.cz/kavarna-stepanska,Monday: 1:00 – 4:30 PM; Tuesday: 1:00 – 4:30 PM; Wednesday: 1:00 – 4:30 PM; Thursday: 1:00 – 4:30 PM; Friday: 1:00 – 4:30 PM; Saturday: 1:00 – 4:30 PM; Sunday: Closed,ChIJiWlMXgCTC0cRzM2ag-ZY6P8,Regular Cafe,coffee_shop,2026-05-07T10:36:10.720Z,https://www.google.com/maps/search/?api=1&query=place&query_place_id=ChIJiWlMXgCTC0cRzM2ag-ZY6P8
Happy Rabbit Café & Bistro,"Plzeňská 1125/160, 150 00 Praha 5-Smíchov, Czechia",50.0706778,14.3764989,4.8,109,http://www.happyrabbit.cz/,Monday: 8:30 AM – 6:00 PM; Tuesday: 8:30 AM – 6:00 PM; Wednesday: 8:30 AM – 6:00 PM; Thursday: 8:30 AM – 9:00 PM; Friday: 8:30 AM – 9:00 PM; Saturday: 10:00 AM – 9:00 PM; Sunday: 10:00 AM – 9:00 PM,ChIJWzkOMQCVC0cRbrjKten24kU,Regular Cafe,bistro,2026-05-07T10:36:10.720Z,https://www.google.com/maps/search/?api=1&query=place&query_place_id=ChIJWzkOMQCVC0cRbrjKten24kU
"Bylo, Nebylo Café","Musílkova 1311/5c, 150 00 Praha 5, Czechia",50.0687625,14.369447399999999,4.7,14,https://bylonebylo.cafe/,Monday: 9:00 AM – 7:00 PM; Tuesday: 9:00 AM – 7:00 PM; Wednesday: 9:00 AM – 7:00 PM; Thursday: 9:00 AM – 7:00 PM; Friday: 9:00 AM – 7:00 PM; Saturday: 9:00 AM – 7:00 PM; Sunday: 9:00 AM – 7:00 PM,ChIJucc1IXaVC0cRDB1vc64y1a4,Regular Cafe,coffee_shop,2026-05-07T10:36:10.720Z,https://www.google.com/maps/search/?api=1&query=place&query_place_id=ChIJucc1IXaVC0cRDB1vc64y1a4
Kofínno Café & Bar | Waltrovka,"Radlická 365/154, 158 00 Praha 5, Czechia",50.0567972,14.382074399999999,4.4,285,https://kofinno.cz/,Monday: 8:00 AM – 9:00 PM; Tuesday: 8:00 AM – 9:00 PM; Wednesday: 8:00 AM – 9:00 PM; Thursday: 8:00 AM – 9:00 PM; Friday: 8:00 AM – 9:00 PM; Saturday: 9:00 AM – 8:00 PM; Sunday: 9:00 AM – 8:00 PM,ChIJmR5dxm2VC0cR5VcJ4Melyjc,Regular Cafe,coffee_shop,2026-05-07T10:36:10.720Z,https://www.google.com/maps/search/?api=1&query=place&query_place_id=ChIJmR5dxm2VC0cR5VcJ4Melyjc
Kafe ve stanici,"Evropská 810/136, 160 00 Praha 6-Vokovice, Czechia",50.0982772,14.362016999999998,5,136,,Monday: 6:00 AM – 6:00 PM; Tuesday: 6:00 AM – 6:00 PM; Wednesday: 6:00 AM – 6:00 PM; Thursday: 6:00 AM – 6:00 PM; Friday: 6:00 AM – 6:00 PM; Saturday: Closed; Sunday: Closed,ChIJCZ8psdaVC0cR1NMqgXIP8dE,Regular Cafe,coffee_shop,2026-05-07T10:36:10.720Z,https://www.google.com/maps/search/?api=1&query=place&query_place_id=ChIJCZ8psdaVC0cR1NMqgXIP8dE
Basics Coffee,"Evropská 866, 160 00 Praha 6, Czechia",50.0981777,14.365391100000002,3.8,185,http://basicscoffee.cz/,Monday: 7:00 AM – 8:00 PM; Tuesday: 7:00 AM – 8:00 PM; Wednesday: 7:00 AM – 8:00 PM; Thursday: 7:00 AM – 8:00 PM; Friday: 7:00 AM – 8:00 PM; Saturday: 7:00 AM – 8:00 PM; Sunday: 7:00 AM – 8:00 PM,ChIJvy_VEyuVC0cRI6dDbjnYZ0s,Regular Cafe,coffee_shop,2026-05-07T10:36:10.720Z,https://www.google.com/maps/search/?api=1&query=place&query_place_id=ChIJvy_VEyuVC0cRI6dDbjnYZ0s
Café Cibulka,"Cibulka 118, 150 00 Praha 5-Košíře, Czechia",50.066928499999996,14.3558661,4.6,198,https://cafecibulka.cz/,Monday: 10:00 AM – 7:00 PM; Tuesday: 10:00 AM – 7:00 PM; Wednesday: 10:00 AM – 7:00 PM; Thursday: 10:00 AM – 7:00 PM; Friday: 10:00 AM – 9:00 PM; Saturday: 10:00 AM – 9:00 PM; Sunday: 10:00 AM – 7:00 PM,ChIJw8baad2VC0cR1k62nzHlMLw,Regular Cafe,coffee_shop,2026-05-07T10:36:10.720Z,https://www.google.com/maps/search/?api=1&query=place&query_place_id=ChIJw8baad2VC0cR1k62nzHlMLw
Kavárna Motol,"V Úvalu 84, 150 00 Praha 5, Czechia",50.0726501,14.340483100000002,4.5,12,,Monday: 7:00 AM – 5:00 PM; Tuesday: 7:00 AM – 5:00 PM; Wednesday: 7:00 AM – 5:00 PM; Thursday: 7:00 AM – 5:00 PM; Friday: 7:00 AM – 5:00 PM; Saturday: 12:00 – 6:00 PM; Sunday: 12:00 – 6:00 PM,ChIJxV52JwCVC0cRXSarZwgZaG0,Regular Cafe,coffee_shop,2026-05-07T10:36:10.720Z,https://www.google.com/maps/search/?api=1&query=place&query_place_id=ChIJxV52JwCVC0cRXSarZwgZaG0
Café Na Cestě,"Adamova 471/13, 162 00 Praha 6, Czechia",50.095045299999995,14.348302900000002,4.8,6,https://www.facebook.com/cafenaceste/,Monday: 8:00 AM – 3:45 PM; Tuesday: 8:00 AM – 3:45 PM; Wednesday: 8:00 AM – 3:45 PM; Thursday: 8:00 AM – 3:45 PM; Friday: 8:00 AM – 3:45 PM; Saturday: Closed; Sunday: Closed,ChIJb6gQsEGVC0cRJanDDPguhr0,Regular Cafe,coffee_shop,2026-05-07T10:36:10.720Z,https://www.google.com/maps/search/?api=1&query=place&query_place_id=ChIJb6gQsEGVC0cRJanDDPguhr0
KOLONIÁL,"Plzeňská 302/195, 150 00 Praha 5-Košíře, Czechia",50.0709127,14.368939699999997,4.5,38,,,ChIJvw09aACVC0cRJtzdRK1aPOM,Regular Cafe,coffee_shop,2026-05-07T10:36:10.721Z,https://www.google.com/maps/search/?api=1&query=place&query_place_id=ChIJvw09aACVC0cRJtzdRK1aPOM
Beseda Ořechovka,"Na Ořechovce 28/33a, 162 00 Praha 6-Střešovice, Czechia",50.0948995,14.3808492,4.6,94,,Monday: 10:00 AM – 8:30 PM; Tuesday: 10:00 AM – 8:30 PM; Wednesday: 10:00 AM – 8:30 PM; Thursday: 10:00 AM – 8:30 PM; Friday: 10:00 AM – 8:30 PM; Saturday: 10:00 AM – 8:30 PM; Sunday: 10:00 AM – 8:30 PM,ChIJRQLECACVC0cRpIIETznzZdY,Regular Cafe,coffee_shop,2026-05-07T10:36:10.721Z,https://www.google.com/maps/search/?api=1&query=place&query_place_id=ChIJRQLECACVC0cRpIIETznzZdY
Leni's bakery,"Armády 266/53, 155 00 Praha 13, Czechia",50.0502878,14.325781800000001,4.9,32,https://www.lenisbakery.cz/,,ChIJ4bd-0mOVC0cRFQq9B4NTbO8,Regular Cafe,pastry_shop,2026-05-07T10:36:10.721Z,https://www.google.com/maps/search/?api=1&query=place&query_place_id=ChIJ4bd-0mOVC0cRFQq9B4NTbO8
Fresh bistro,"Sluneční nám. 2588/15, 158 00 Praha 5, Czechia",50.0502043,14.343146599999999,5,2,,Monday: 7:00 AM – 2:00 PM; Tuesday: 7:00 AM – 2:00 PM; Wednesday: 7:00 AM – 2:00 PM; Thursday: 7:00 AM – 2:00 PM; Friday: 7:00 AM – 2:00 PM; Saturday: Closed; Sunday: Closed,ChIJT_jZYgCVC0cRMAUe5Dsh6Lk,Regular Cafe,coffee_shop,2026-05-07T10:36:10.721Z,https://www.google.com/maps/search/?api=1&query=place&query_place_id=ChIJT_jZYgCVC0cRMAUe5Dsh6Lk
MY coffee,"Benediktská 1060/3, Staré Město 110 00, 1 Praha 1, Czechia",50.0899345,14.426567,4.8,324,https://instagram.com/mycoffee_prague?igshid=MmIzYWVlNDQ5Yg==,Monday: 11:30 AM – 9:00 PM; Tuesday: 11:30 AM – 9:00 PM; Wednesday: 11:30 AM – 9:00 PM; Thursday: 11:30 AM – 9:00 PM; Friday: 11:30 AM – 9:00 PM; Saturday: 9:30 AM – 9:00 PM; Sunday: 11:30 AM – 9:00 PM,ChIJo1UqneeVC0cResOevKq6Fio,Regular Cafe,cafe,2026-05-07T10:36:10.721Z,https://www.google.com/maps/search/?api=1&query=place&query_place_id=ChIJo1UqneeVC0cResOevKq6Fio
Espresso,"Rytířská 398, 110 00 Praha 1-Staré Město, Czechia",50.0856832,14.4236313,4.8,313,,Monday: 7:30 AM – 7:00 PM; Tuesday: 7:30 AM – 7:00 PM; Wednesday: 7:30 AM – 7:00 PM; Thursday: 7:30 AM – 7:00 PM; Friday: 7:30 AM – 7:00 PM; Saturday: 8:30 AM – 7:00 PM; Sunday: 8:30 AM – 7:00 PM,ChIJx2BDWeiVC0cR412Hd7W8xg8,Regular Cafe,coffee_shop,2026-05-07T10:36:10.721Z,https://www.google.com/maps/search/?api=1&query=place&query_place_id=ChIJx2BDWeiVC0cR412Hd7W8xg8
Boardgames cafe Meeples&Coffee,"Michalská 20, Staré Město, 110 00 Praha-Praha 1, Czechia",50.085912099999994,14.419988799999999,4.7,1206,https://www.meeples.cafe/,Monday: 9:00 AM – 1:00 AM; Tuesday: 9:00 AM – 1:00 AM; Wednesday: 9:00 AM – 1:00 AM; Thursday: 9:00 AM – 1:00 AM; Friday: 9:00 AM – 3:00 AM; Saturday: 9:00 AM – 3:00 AM; Sunday: 9:00 AM – 2:00 AM,ChIJ3dyZA7CVC0cRptfcTVh5AcM,Regular Cafe,coffee_shop,2026-05-07T10:36:10.721Z,https://www.google.com/maps/search/?api=1&query=place&query_place_id=ChIJ3dyZA7CVC0cRptfcTVh5AcM
Monkey Coffee House,"Opletalova 922/8, Nové Město, 110 00 Praha-Praha 1, Czechia",50.081221899999996,14.4297716,4.7,427,,Monday: 8:00 AM – 6:00 PM; Tuesday: 8:00 AM – 6:00 PM; Wednesday: 8:00 AM – 6:00 PM; Thursday: 8:00 AM – 6:00 PM; Friday: 8:00 AM – 6:00 PM; Saturday: 9:00 AM – 6:00 PM; Sunday: 9:00 AM – 6:00 PM,ChIJFfoJ8vGVC0cRiwYeXaAWbSU,Regular Cafe,coffee_shop,2026-05-07T10:36:10.721Z,https://www.google.com/maps/search/?api=1&query=place&query_place_id=ChIJFfoJ8vGVC0cRiwYeXaAWbSU
Dorado Coffee,"Betlémské nám. 269/1, Staré Město, 110 00 Praha-Praha 1, Czechia",50.0840442,14.4160486,4.7,401,http://www.doradocoffee.cz/,Monday: Closed; Tuesday: 10:00 AM – 6:00 PM; Wednesday: 10:00 AM – 8:00 PM; Thursday: 10:00 AM – 8:00 PM; Friday: 10:00 AM – 8:00 PM; Saturday: 10:00 AM – 8:00 PM; Sunday: 10:00 AM – 6:00 PM,ChIJvUSK-UOVC0cRdOSOipYnh7U,Regular Cafe,coffee_shop,2026-05-07T10:36:10.721Z,https://www.google.com/maps/search/?api=1&query=place&query_place_id=ChIJvUSK-UOVC0cRdOSOipYnh7U
Freshly Roasted Coffee,"Truhlářská 33, 110 00 Praha 1-Nové Město, Czechia",50.0911043,14.431526700000001,4.9,729,http://cerstve-prazena-kava.cz/,Monday: 9:00 AM – 5:00 PM; Tuesday: 9:00 AM – 5:00 PM; Wednesday: 9:00 AM – 5:00 PM; Thursday: 9:00 AM – 5:00 PM; Friday: 9:00 AM – 5:00 PM; Saturday: Closed; Sunday: Closed,ChIJD6ngDcCUC0cRLa4i4cDV3Sc,Regular Cafe,coffee_shop,2026-05-07T10:36:10.721Z,https://www.google.com/maps/search/?api=1&query=place&query_place_id=ChIJD6ngDcCUC0cRLa4i4cDV3Sc
Republica Coffee,"Martinská 418/4, Staré Město, 110 00 Praha-Praha 1, Czechia",50.0829604,14.419229900000001,4.4,1070,https://www.facebook.com/republicacoffee/,Monday: 8:00 AM – 8:00 PM; Tuesday: 8:00 AM – 8:00 PM; Wednesday: 8:00 AM – 8:00 PM; Thursday: 8:00 AM – 8:00 PM; Friday: 8:00 AM – 8:00 PM; Saturday: 9:00 AM – 8:00 PM; Sunday: 9:00 AM – 8:00 PM,ChIJl3Ybb-6UC0cR3My7PebuPcM,Regular Cafe,coffee_shop,2026-05-07T10:36:10.721Z,https://www.google.com/maps/search/?api=1&query=place&query_place_id=ChIJl3Ybb-6UC0cR3My7PebuPcM
Coffee Room Americká,"Americká 16, Vinohrady, 120 00 Praha-Praha 2, Czechia",50.072187,14.4385854,4.7,186,http://www.coffeeroom.cz/,Monday: 7:30 AM – 6:00 PM; Tuesday: 7:30 AM – 6:00 PM; Wednesday: 7:30 AM – 6:00 PM; Thursday: 7:30 AM – 6:00 PM; Friday: 7:30 AM – 6:00 PM; Saturday: 8:30 AM – 5:00 PM; Sunday: 8:30 AM – 5:00 PM,ChIJd9hLP9yVC0cRwJZ11hMnP8o,Regular Cafe,coffee_shop,2026-05-07T10:36:10.721Z,https://www.google.com/maps/search/?api=1&query=place&query_place_id=ChIJd9hLP9yVC0cRwJZ11hMnP8o
LB COFFEE BISTRO,"Karlova 186/8, Staré Město, 110 00 Praha-Praha 1, Czechia",50.085836799999996,14.415114200000001,4.4,38,http://www.lbcoffee.cz/,Monday: 8:00 AM – 10:00 PM; Tuesday: 8:00 AM – 10:00 PM; Wednesday: 8:00 AM – 10:00 PM; Thursday: 8:00 AM – 10:00 PM; Friday: 8:00 AM – 10:00 PM; Saturday: 8:00 AM – 10:00 PM; Sunday: 8:00 AM – 10:00 PM,ChIJ3XixohiVC0cRZdgRXb2bMSg,Regular Cafe,coffee_shop,2026-05-07T10:36:10.721Z,https://www.google.com/maps/search/?api=1&query=place&query_place_id=ChIJ3XixohiVC0cRZdgRXb2bMSg
ESPRESSO Pštrossova 27,"Pštrossova 218/27, Nové Město, 110 00 Praha-Praha 1, Czechia",50.0793521,14.415567399999997,4.7,140,,Monday: 7:30 AM – 6:00 PM; Tuesday: 7:30 AM – 6:00 PM; Wednesday: 7:30 AM – 6:00 PM; Thursday: 7:30 AM – 6:00 PM; Friday: 7:30 AM – 6:00 PM; Saturday: 8:30 AM – 6:00 PM; Sunday: 8:30 AM – 6:00 PM,ChIJnd5UqfGUC0cRKC5rDs3aOOc,Regular Cafe,coffee_shop,2026-05-07T10:36:10.721Z,https://www.google.com/maps/search/?api=1&query=place&query_place_id=ChIJnd5UqfGUC0cRKC5rDs3aOOc
Coffee Cube,"Jakubská 664/16, Staré Město, 110 00 Praha-Praha 1, Czechia",50.088532099999995,14.4265763,4.7,489,https://www.facebook.com/coffeecubeoriginal,Monday: 8:00 AM – 7:00 PM; Tuesday: 8:00 AM – 7:00 PM; Wednesday: 8:00 AM – 7:00 PM; Thursday: 8:00 AM – 7:00 PM; Friday: 8:00 AM – 7:00 PM; Saturday: 10:00 AM – 7:00 PM; Sunday: 10:00 AM – 6:00 PM,ChIJZ2s7UeqUC0cRsNusW_nmnYA,Regular Cafe,coffee_shop,2026-05-07T10:36:10.721Z,https://www.google.com/maps/search/?api=1&query=place&query_place_id=ChIJZ2s7UeqUC0cRsNusW_nmnYA
art Cafe,"Mostecká 49/12, Malá Strana, 118 00 Praha-Praha 1, Czechia",50.0876501,14.4062345,4.6,146,,Monday: 10:00 AM – 7:00 PM; Tuesday: 10:00 AM – 7:00 PM; Wednesday: 10:00 AM – 7:00 PM; Thursday: 10:00 AM – 7:00 PM; Friday: 10:00 AM – 7:00 PM; Saturday: 10:00 AM – 7:00 PM; Sunday: 10:00 AM – 7:00 PM,ChIJyxOtfBiVC0cRSobq6dEP6lY,Regular Cafe,coffee_shop,2026-05-07T10:36:10.721Z,https://www.google.com/maps/search/?api=1&query=place&query_place_id=ChIJyxOtfBiVC0cRSobq6dEP6lY
Just Croissant - Brunch - Café - Prosecco - Kavárna,"Korunní 1164/49, 120 00 Praha 2-Vinohrady, Czechia",50.0754562,14.4453725,4.4,418,https://instagram.com/just.croissant?igshid=ZWIzMWE5ZmU3Zg==,Monday: 7:30 AM – 6:00 PM; Tuesday: 7:30 AM – 6:00 PM; Wednesday: 7:30 AM – 6:00 PM; Thursday: 7:30 AM – 6:00 PM; Friday: 7:30 AM – 6:00 PM; Saturday: 9:00 AM – 6:00 PM; Sunday: 9:00 AM – 5:00 PM,ChIJlwJzcueVC0cRBWfSRQWWi9w,Regular Cafe,coffee_shop,2026-05-07T10:36:10.721Z,https://www.google.com/maps/search/?api=1&query=place&query_place_id=ChIJlwJzcueVC0cRBWfSRQWWi9w
Coffeenek espresso bar,"Žitná 610/23, 110 00 Praha 1-Nové Město, Czechia",50.077415699999996,14.425375400000002,4.8,152,https://www.coffeenek.cz/,Monday: 7:30 AM – 6:00 PM; Tuesday: 7:30 AM – 6:00 PM; Wednesday: 7:30 AM – 6:00 PM; Thursday: 7:30 AM – 6:00 PM; Friday: 7:30 AM – 6:00 PM; Saturday: 9:00 AM – 3:00 PM; Sunday: 9:00 AM – 3:00 PM,ChIJbYtzUsqVC0cRqFBBdNZ4g5w,Regular Cafe,coffee_shop,2026-05-07T10:36:10.721Z,https://www.google.com/maps/search/?api=1&query=place&query_place_id=ChIJbYtzUsqVC0cRqFBBdNZ4g5w
CukrCafé Blackulus,"Sokolská 33, 120 00 Praha 2-Nové Město, Czechia",50.0751709,14.428792,4.7,1106,https://www.cukrcafe.cz/cz/,Monday: Closed; Tuesday: Closed; Wednesday: 9:34 AM – 7:00 PM; Thursday: 9:34 AM – 7:00 PM; Friday: 9:34 AM – 7:00 PM; Saturday: 9:34 AM – 6:00 PM; Sunday: 9:34 AM – 6:00 PM,ChIJKy7USGqVC0cR2xYyRCYhNfc,Regular Cafe,coffee_shop,2026-05-07T10:36:10.721Z,https://www.google.com/maps/search/?api=1&query=place&query_place_id=ChIJKy7USGqVC0cR2xYyRCYhNfc
Liberica Cafe,"Valentinská 10/20, 110 00 Praha 1-Josefov, Czechia",50.088618999999994,14.4168818,4.8,1990,,Monday: 8:00 AM – 7:00 PM; Tuesday: 8:00 AM – 7:00 PM; Wednesday: 8:00 AM – 7:00 PM; Thursday: 8:00 AM – 7:00 PM; Friday: 8:00 AM – 7:00 PM; Saturday: 9:00 AM – 7:00 PM; Sunday: 9:00 AM – 7:00 PM,ChIJ2YdNm-iUC0cRtBa1xNiWLhk,Regular Cafe,coffee_shop,2026-05-07T10:36:10.721Z,https://www.google.com/maps/search/?api=1&query=place&query_place_id=ChIJ2YdNm-iUC0cRtBa1xNiWLhk
CAFÉ CLUB MÍŠEŇSKÁ,"Míšeňská 71/3, Malá Strana, 118 00 Praha-Praha 1, Czechia",50.0876696,14.4080139,4.7,1960,http://facebook.com/misenskafe,Monday: 10:00 AM – 12:00 AM; Tuesday: 10:00 AM – 12:00 AM; Wednesday: 10:00 AM – 12:00 AM; Thursday: 10:00 AM – 12:00 AM; Friday: 10:00 AM – 12:00 AM; Saturday: 10:00 AM – 12:00 AM; Sunday: 10:00 AM – 12:00 AM,ChIJF5uR_uOUC0cRUtzknVj7Xqw,Regular Cafe,coffee_shop,2026-05-07T10:36:10.721Z,https://www.google.com/maps/search/?api=1&query=place&query_place_id=ChIJF5uR_uOUC0cRUtzknVj7Xqw
Caputea Café,"Vršovická 1286/88, 100 00 Praha 10-Vršovice, Czechia",50.070451899999995,14.476340799999997,4.8,93,,Monday: 9:00 AM – 7:00 PM; Tuesday: 9:00 AM – 7:00 PM; Wednesday: 9:00 AM – 7:00 PM; Thursday: 9:00 AM – 7:00 PM; Friday: 9:00 AM – 7:00 PM; Saturday: 10:00 AM – 6:00 PM; Sunday: 11:00 AM – 6:00 PM,ChIJL6aMdjGTC0cRIcB0CpouqBk,Regular Cafe,coffee_shop,2026-05-07T10:36:10.721Z,https://www.google.com/maps/search/?api=1&query=place&query_place_id=ChIJL6aMdjGTC0cRIcB0CpouqBk
M.Caffe Třebešín,"Zvěřinova 3428/5/130 00, Strašnice, 130 00 Praha-Praha 3, Czechia",50.084821399999996,14.484395899999999,4.8,60,http://www.instagram.com/m.caffe.m,Monday: 9:00 AM – 9:00 PM; Tuesday: 9:00 AM – 9:00 PM; Wednesday: 9:00 AM – 9:00 PM; Thursday: 9:00 AM – 9:00 PM; Friday: 9:00 AM – 9:00 PM; Saturday: 10:00 AM – 9:00 PM; Sunday: 10:00 AM – 9:00 PM,ChIJtXAfYACTC0cRqeHWyE65g4c,Regular Cafe,coffee_shop,2026-05-07T10:36:10.721Z,https://www.google.com/maps/search/?api=1&query=place&query_place_id=ChIJtXAfYACTC0cRqeHWyE65g4c
Sensu cafe,"J. Želivského 2934/2b, 130 00 Praha 3, Czechia",50.0860949,14.470600199999998,4.6,330,https://www.sensucafe.com/,Monday: 10:00 AM – 7:00 PM; Tuesday: 9:00 AM – 7:00 PM; Wednesday: 9:00 AM – 7:00 PM; Thursday: 9:00 AM – 7:00 PM; Friday: 9:00 AM – 7:00 PM; Saturday: 9:00 AM – 7:00 PM; Sunday: 9:00 AM – 7:00 PM,ChIJM5J7gDCTC0cR9T-ixboNsM4,Regular Cafe,coffee_shop,2026-05-07T10:36:10.721Z,https://www.google.com/maps/search/?api=1&query=place&query_place_id=ChIJM5J7gDCTC0cR9T-ixboNsM4
Nomad tea and coffee shop,"Černokostelecká 10/16, 100 00 Praha 10-Strašnice, Czechia",50.0765805,14.4917834,4.8,16,https://nomadcoffee.cz/,"Monday: 10:00 AM – 2:00 PM, 3:00 – 6:00 PM; Tuesday: 10:00 AM – 2:00 PM, 3:00 – 6:00 PM; Wednesday: 10:00 AM – 2:00 PM, 3:00 – 6:00 PM; Thursday: 10:00 AM – 2:00 PM, 3:00 – 6:00 PM; Friday: 10:00 AM – 2:00 PM, 3:00 – 6:00 PM; Saturday: Closed; Sunday: Closed",ChIJtxFmBPyTC0cR8LulPHh6O_o,Regular Cafe,tea_store,2026-05-07T10:36:10.721Z,https://www.google.com/maps/search/?api=1&query=place&query_place_id=ChIJtxFmBPyTC0cR8LulPHh6O_o
Kavárna proviSORRYum,"Olšanská 2666/7, 130 00 Praha 3-Žižkov, Czechia",50.0842092,14.4677479,5,24,https://www.instagram.com/provisorryum?igsh=MWdrcTR0aDFoZHZ2&utm_source=qr,Monday: 7:00 AM – 4:00 PM; Tuesday: 7:00 AM – 4:00 PM; Wednesday: 7:00 AM – 4:00 PM; Thursday: 7:00 AM – 4:00 PM; Friday: 7:00 AM – 3:00 PM; Saturday: Closed; Sunday: Closed,ChIJjbUPMcSTC0cRtbaecNYeiOk,Regular Cafe,coffee_shop,2026-05-07T10:36:10.721Z,https://www.google.com/maps/search/?api=1&query=place&query_place_id=ChIJjbUPMcSTC0cRtbaecNYeiOk
Krámek (Víno - káva & Bistro by Kačabka,"Kozinovo nám. 1687/9, 102 00 Praha 15, Czechia",50.050037499999995,14.5227649,4.7,46,,Monday: 12:00 – 10:00 PM; Tuesday: 12:00 – 10:00 PM; Wednesday: 12:00 – 10:00 PM; Thursday: 12:00 – 10:00 PM; Friday: 12:00 – 10:00 PM; Saturday: 12:00 – 10:00 PM; Sunday: 12:00 – 8:00 PM,ChIJExstEQCTC0cRZu_te6m9ZEU,Regular Cafe,coffee_shop,2026-05-07T10:36:10.721Z,https://www.google.com/maps/search/?api=1&query=place&query_place_id=ChIJExstEQCTC0cRZu_te6m9ZEU
Coffee Source nonstop 24/7 prodejna výběrové kávy,"Štěrboholská 560/73, 102 00 Praha 15-Hostivař, Czechia",50.0630971,14.5337747,4.4,198,http://www.coffeesource.eu/,Monday: Open 24 hours; Tuesday: Open 24 hours; Wednesday: Open 24 hours; Thursday: Open 24 hours; Friday: Open 24 hours; Saturday: Open 24 hours; Sunday: Open 24 hours,ChIJv8P9PvOSC0cRzo4K15Z02Z8,Regular Cafe,food_store,2026-05-07T10:36:10.721Z,https://www.google.com/maps/search/?api=1&query=place&query_place_id=ChIJv8P9PvOSC0cRzo4K15Z02Z8
Kávový magnát Strašnice,"Starostrašnická 151/36, Strašnice, 100 00 Praha-Praha 10, Czechia",50.073851399999995,14.490956400000002,4.6,678,https://kavovymagnat.cz/,Monday: 7:00 AM – 8:00 PM; Tuesday: 7:00 AM – 8:00 PM; Wednesday: 7:00 AM – 8:00 PM; Thursday: 7:00 AM – 8:00 PM; Friday: 7:00 AM – 8:00 PM; Saturday: 10:00 AM – 8:00 PM; Sunday: Closed,ChIJ84LlaLKTC0cRux3tgtN4WcI,Regular Cafe,coffee_shop,2026-05-07T10:36:10.721Z,https://www.google.com/maps/search/?api=1&query=place&query_place_id=ChIJ84LlaLKTC0cRux3tgtN4WcI
Cukrárna Závodská,"Gutova 108, Strašnice, 100 00 Praha-Praha 10, Czechia",50.0699806,14.488377499999999,4.7,143,https://www.cukrarnazavodska.cz/,Monday: 9:00 AM – 6:00 PM; Tuesday: 9:00 AM – 6:00 PM; Wednesday: 9:00 AM – 6:00 PM; Thursday: 9:00 AM – 6:00 PM; Friday: 9:00 AM – 6:00 PM; Saturday: 10:00 AM – 6:00 PM; Sunday: 10:00 AM – 6:00 PM,ChIJ_cAAyCiTC0cR8O0I0oo9Fcs,Regular Cafe,coffee_shop,2026-05-07T10:36:10.721Z,https://www.google.com/maps/search/?api=1&query=place&query_place_id=ChIJ_cAAyCiTC0cR8O0I0oo9Fcs
Cafe Amarilis,"Olgy Havlové 2913/56, 130 00 Praha 3, Czechia",50.087717,14.479174100000002,4.5,2,http://www.amarilis.cz/,Monday: 12:00 – 7:00 PM; Tuesday: 12:00 – 7:00 PM; Wednesday: 12:00 – 7:00 PM; Thursday: 12:00 – 7:00 PM; Friday: 12:00 – 7:00 PM; Saturday: 10:00 AM – 8:00 PM; Sunday: 10:00 AM – 8:00 PM,ChIJrdBFETWTC0cRRg6TilpwjEQ,Regular Cafe,coffee_shop,2026-05-07T10:36:10.721Z,https://www.google.com/maps/search/?api=1&query=place&query_place_id=ChIJrdBFETWTC0cRRg6TilpwjEQ
NA NÁMĚSTÍ,"Suchdolské nám. 734/3, 165 00 Praha-Suchdol, Czechia",50.1360533,14.3796794,4.8,65,,Monday: 10:00 AM – 10:00 PM; Tuesday: 10:00 AM – 10:00 PM; Wednesday: 10:00 AM – 10:00 PM; Thursday: 10:00 AM – 10:00 PM; Friday: 10:00 AM – 10:00 PM; Saturday: Closed; Sunday: Closed,ChIJea3AdD_rC0cR6IB2a1dhMrA,Regular Cafe,coffee_shop,2026-05-07T10:36:10.721Z,https://www.google.com/maps/search/?api=1&query=place&query_place_id=ChIJea3AdD_rC0cR6IB2a1dhMrA
Hanspaul Kafe,"Na Špitálce 9, 160 00 Praha 6-Dejvice, Czechia",50.1103996,14.378578899999999,4.9,68,,Monday: 8:00 AM – 5:30 PM; Tuesday: 8:00 AM – 5:30 PM; Wednesday: 8:00 AM – 5:30 PM; Thursday: 8:00 AM – 5:30 PM; Friday: 8:00 AM – 5:30 PM; Saturday: 10:00 AM – 5:30 PM; Sunday: 10:00 AM – 5:30 PM,ChIJhzzEMsyVC0cR5mBaqUQj0Qk,Regular Cafe,coffee_shop,2026-05-07T10:36:10.721Z,https://www.google.com/maps/search/?api=1&query=place&query_place_id=ChIJhzzEMsyVC0cR5mBaqUQj0Qk
KAVÁRNA NA NÁMĚSTÍ,"Suchdolské nám. 734, 165 00 Praha-Suchdol, Czechia",50.136008999999994,14.379686000000001,5,1,https://www.instagram.com/nanamesti,Monday: 9:00 AM – 10:00 PM; Tuesday: 9:00 AM – 10:00 PM; Wednesday: 9:00 AM – 10:00 PM; Thursday: 9:00 AM – 10:00 PM; Friday: 9:00 AM – 10:00 PM; Saturday: 9:00 AM – 10:00 PM; Sunday: Closed,ChIJv5OeOADrC0cRcCnBTl5k52M,Regular Cafe,coffee_shop,2026-05-07T10:36:10.721Z,https://www.google.com/maps/search/?api=1&query=place&query_place_id=ChIJv5OeOADrC0cRcCnBTl5k52M
Café-Mlýnek,"Hrdinů 4, 252 62 Horoměřice, Czechia",50.132556699999995,14.336601,4.9,50,https://www.facebook.com/cafemlynekhoromerice,Monday: 9:00 AM – 6:00 PM; Tuesday: 9:00 AM – 6:00 PM; Wednesday: 9:00 AM – 6:00 PM; Thursday: 9:00 AM – 6:00 PM; Friday: 9:00 AM – 6:00 PM; Saturday: 9:00 AM – 6:00 PM; Sunday: 9:00 AM – 6:00 PM,ChIJo5bgwJbBC0cRI_ZJ6jQlgB8,Regular Cafe,coffee_shop,2026-05-07T10:36:10.721Z,https://www.google.com/maps/search/?api=1&query=place&query_place_id=ChIJo5bgwJbBC0cRI_ZJ6jQlgB8
Kafe Stánek corner,"Velvarská 1152, 252 62 Horoměřice, Czechia",50.1396428,14.3345434,4.9,7,http://kafestanek.cz/,Monday: Open 24 hours; Tuesday: Open 24 hours; Wednesday: Open 24 hours; Thursday: Open 24 hours; Friday: Open 24 hours; Saturday: Open 24 hours; Sunday: Open 24 hours,ChIJmxiZFgDBC0cR8vQlcD2v4lM,Regular Cafe,coffee_shop,2026-05-07T10:36:10.721Z,https://www.google.com/maps/search/?api=1&query=place&query_place_id=ChIJmxiZFgDBC0cR8vQlcD2v4lM
Bistro U Kapitána,"Štěpnice 355, 165 00 Praha-Lysolaje, Czechia",50.131311,14.365429999999998,5,4,,,ChIJH03qVw7rC0cRQfKYxMPNp9c,Regular Cafe,coffee_shop,2026-05-07T10:36:10.721Z,https://www.google.com/maps/search/?api=1&query=place&query_place_id=ChIJH03qVw7rC0cRQfKYxMPNp9c
RED DOOR CAFÉ,"U Studánky 1, 170 00 Praha 7-Holešovice, Czechia",50.101924,14.428793099999998,4.9,38,http://reddoorcafe.cz/,Monday: 7:30 AM – 6:00 PM; Tuesday: 7:30 AM – 6:00 PM; Wednesday: 7:30 AM – 6:00 PM; Thursday: 7:30 AM – 6:00 PM; Friday: 7:30 AM – 6:00 PM; Saturday: 9:00 AM – 5:00 PM; Sunday: 9:00 AM – 5:00 PM,ChIJTVtBacCVC0cRm0le1NNS5Ho,Regular Cafe,coffee_shop,2026-05-07T10:36:10.721Z,https://www.google.com/maps/search/?api=1&query=place&query_place_id=ChIJTVtBacCVC0cRm0le1NNS5Ho
Coffee Cube 6,"Československé armády 787/18, 160 00 Praha 6, Czechia",50.100674,14.401952999999997,4.6,15,,Monday: 8:00 AM – 6:00 PM; Tuesday: 8:00 AM – 6:00 PM; Wednesday: 8:00 AM – 6:00 PM; Thursday: 8:00 AM – 6:00 PM; Friday: 8:00 AM – 6:00 PM; Saturday: 10:00 AM – 6:00 PM; Sunday: 10:00 AM – 6:00 PM,ChIJe4MzH1eVC0cRB9ipTVtsaCk,Regular Cafe,coffee_shop,2026-05-07T10:36:10.721Z,https://www.google.com/maps/search/?api=1&query=place&query_place_id=ChIJe4MzH1eVC0cRB9ipTVtsaCk
SoulxCoffee | Stromovka,"Veletržní 24, 170 00 Praha 7-Holešovice, Czechia",50.101917,14.43088,5,2,https://www.instagram.com/soulxcoffee_stromovka?igsh=MTZ1ZjV1ZzdrY2Mwcg%3D%3D&utm_source=qr,Monday: Open 24 hours; Tuesday: Open 24 hours; Wednesday: Open 24 hours; Thursday: Open 24 hours; Friday: Open 24 hours; Saturday: Open 24 hours; Sunday: Open 24 hours,ChIJka9wbACVC0cR4fVmr2qu7Cc,Regular Cafe,coffee_shop,2026-05-07T10:36:10.721Z,https://www.google.com/maps/search/?api=1&query=place&query_place_id=ChIJka9wbACVC0cR4fVmr2qu7Cc
Cafe 7 Bar,"Dukelských Hrdinů 44, 170 00 Praha 7-Holešovice, Czechia",50.102539099999994,14.4328655,4.8,251,http://www.cafe7bistro.cz/,Monday: 7:00 AM – 8:00 PM; Tuesday: 7:00 AM – 8:00 PM; Wednesday: 7:00 AM – 8:00 PM; Thursday: 7:00 AM – 8:00 PM; Friday: 7:00 AM – 8:00 PM; Saturday: 8:00 AM – 8:00 PM; Sunday: 8:00 AM – 8:00 PM,ChIJVQnTVC-VC0cRb9a2r-KL808,Regular Cafe,coffee_shop,2026-05-07T10:36:10.721Z,https://www.google.com/maps/search/?api=1&query=place&query_place_id=ChIJVQnTVC-VC0cRb9a2r-KL808
Kavárna Kobylisy,"Čimická 10, 182 00 Praha 8, Czechia",50.124353299999996,14.450240800000001,4.8,17,,Monday: 7:00 AM – 7:00 PM; Tuesday: 7:00 AM – 7:00 PM; Wednesday: 7:00 AM – 7:00 PM; Thursday: 7:00 AM – 7:00 PM; Friday: 7:00 AM – 7:00 PM; Saturday: 8:30 AM – 7:00 PM; Sunday: 8:30 AM – 6:30 PM,ChIJoerNdgDrC0cR5FdyrRYAar0,Regular Cafe,coffee_shop,2026-05-07T10:36:10.721Z,https://www.google.com/maps/search/?api=1&query=place&query_place_id=ChIJoerNdgDrC0cR5FdyrRYAar0
Cafene.cz,"Freyova 247/13, 190 00 Praha 9-Vysočany, Czechia",50.1030488,14.502863999999999,4.7,23,https://cafene.cz/,Monday: 11:00 AM – 8:00 PM; Tuesday: 11:00 AM – 8:00 PM; Wednesday: 11:00 AM – 8:00 PM; Thursday: 11:00 AM – 8:00 PM; Friday: 11:00 AM – 8:00 PM; Saturday: Closed; Sunday: Closed,ChIJjUrc0o_tC0cRBooIW3p0B64,Regular Cafe,coffee_shop,2026-05-07T10:36:10.721Z,https://www.google.com/maps/search/?api=1&query=place&query_place_id=ChIJjUrc0o_tC0cRBooIW3p0B64
EAZY Café,"U Svobodárny 2460/3A, 190 00 Praha 9, Czechia",50.1057604,14.489014200000002,4.6,586,https://www.eazycafe.cz/,Monday: 9:00 AM – 7:00 PM; Tuesday: 9:00 AM – 7:00 PM; Wednesday: 9:00 AM – 7:00 PM; Thursday: 9:00 AM – 7:00 PM; Friday: 9:00 AM – 7:00 PM; Saturday: 9:00 AM – 7:00 PM; Sunday: 9:00 AM – 7:00 PM,ChIJxbje18ftC0cRdbakGIsG31A,Regular Cafe,coffee_shop,2026-05-07T10:36:10.721Z,https://www.google.com/maps/search/?api=1&query=place&query_place_id=ChIJxbje18ftC0cRdbakGIsG31A
Jedno kafe,"1d, Slévačská 1105, 198 00 Praha 14, Czechia",50.105741599999995,14.544957700000001,4.9,383,https://www.facebook.com/JEDNO-KAFE-1666965566851099/,Monday: 12:00 – 6:30 PM; Tuesday: 12:00 – 6:30 PM; Wednesday: 12:00 – 6:30 PM; Thursday: 12:00 – 6:30 PM; Friday: 1:00 – 6:30 PM; Saturday: Closed; Sunday: Closed,ChIJxVnGQTDtC0cRWPHG69evUjg,Regular Cafe,coffee_shop,2026-05-07T10:36:10.721Z,https://www.google.com/maps/search/?api=1&query=place&query_place_id=ChIJxVnGQTDtC0cRWPHG69evUjg
KAFE 608,"Sokolovská 608/312, 190 00 Praha 9-Vysočany, Czechia",50.109765,14.4977367,4.8,52,,Monday: 7:30 AM – 4:30 PM; Tuesday: 7:30 AM – 4:30 PM; Wednesday: 7:30 AM – 4:30 PM; Thursday: 7:30 AM – 4:30 PM; Friday: 7:30 AM – 4:30 PM; Saturday: Closed; Sunday: Closed,ChIJy4tw42PtC0cRPsT3G0vrPB8,Regular Cafe,coffee_shop,2026-05-07T10:36:10.721Z,https://www.google.com/maps/search/?api=1&query=place&query_place_id=ChIJy4tw42PtC0cRPsT3G0vrPB8
Light roast Coffee,"Smrčkova 2185/4, 180 00 Praha 8-Palmovka, Czechia",50.10480030000001,14.4689433,4.6,280,https://www.light-roast.coffee/kavarna,Monday: 8:00 AM – 6:00 PM; Tuesday: 8:00 AM – 6:00 PM; Wednesday: 8:00 AM – 6:00 PM; Thursday: 8:00 AM – 6:00 PM; Friday: 8:00 AM – 6:00 PM; Saturday: Closed; Sunday: Closed,ChIJW-_tYVWTC0cROHsJXtFVgOU,Regular Cafe,coffee_shop,2026-05-07T10:36:10.721Z,https://www.google.com/maps/search/?api=1&query=place&query_place_id=ChIJW-_tYVWTC0cROHsJXtFVgOU
Elian's Coffee House,"Podvinný mlýn 2, 190 00 Praha 9, Czechia",50.1063243,14.4865033,4.6,248,https://elians.cz/,Monday: 7:30 AM – 8:00 PM; Tuesday: 7:30 AM – 8:00 PM; Wednesday: 7:30 AM – 8:00 PM; Thursday: 7:30 AM – 8:00 PM; Friday: 7:30 AM – 8:00 PM; Saturday: 9:00 AM – 8:00 PM; Sunday: 9:00 AM – 6:00 PM,ChIJoxQ76tLtC0cRpsznxV4AMTg,Regular Cafe,coffee_shop,2026-05-07T10:36:10.721Z,https://www.google.com/maps/search/?api=1&query=place&query_place_id=ChIJoxQ76tLtC0cRpsznxV4AMTg
Ještě jednou My Coffee Story,"Paříkova 910/11, 190 00 Praha 9, Czechia",50.1113072,14.497585100000002,4.5,100,https://www.facebook.com/profile.php?id=100091348685686,Monday: 7:00 AM – 6:00 PM; Tuesday: 7:00 AM – 6:00 PM; Wednesday: 7:00 AM – 6:00 PM; Thursday: 7:00 AM – 6:00 PM; Friday: 7:00 AM – 6:00 PM; Saturday: 9:00 AM – 3:00 PM; Sunday: 9:00 AM – 3:00 PM,ChIJSwVj0YztC0cR8QgFUX6dIo0,Regular Cafe,coffee_shop,2026-05-07T10:36:10.721Z,https://www.google.com/maps/search/?api=1&query=place&query_place_id=ChIJSwVj0YztC0cR8QgFUX6dIo0
Bistro Kafičko,"AFI City, 190 00 Praha-Praha 9, Czechia",50.1109957,14.517169299999999,5,5,,,ChIJv487bgDtC0cRD5_jNAqWmL4,Regular Cafe,coffee_shop,2026-05-07T10:36:10.721Z,https://www.google.com/maps/search/?api=1&query=place&query_place_id=ChIJv487bgDtC0cRD5_jNAqWmL4
KOFIO.cz,"Novákových 393/16, 180 00 Praha 8-Palmovka, Czechia",50.1034757,14.475881000000001,4.8,81,https://kofio.cz/,Monday: 8:00 AM – 8:00 PM; Tuesday: 8:00 AM – 8:00 PM; Wednesday: 8:00 AM – 8:00 PM; Thursday: 8:00 AM – 8:00 PM; Friday: 8:00 AM – 8:00 PM; Saturday: 9:30 AM – 6:00 PM; Sunday: 9:30 AM – 6:00 PM,ChIJr5B-NIGTC0cR2e1isrNJEhA,Regular Cafe,food_store,2026-05-07T10:36:10.721Z,https://www.google.com/maps/search/?api=1&query=place&query_place_id=ChIJr5B-NIGTC0cR2e1isrNJEhA
Canapuff,"Braunerova 563/7, 180 00 Praha 8-Libeň, Czechia",50.1127635,14.4749632,5,2,,,ChIJH9jhPQDtC0cReXLU-eIZjX8,Regular Cafe,coffee_shop,2026-05-07T10:36:10.721Z,https://www.google.com/maps/search/?api=1&query=place&query_place_id=ChIJH9jhPQDtC0cReXLU-eIZjX8
Factory Kafe,"34a, Kolbenova 923, 190 00 Praha 9, Czechia",50.110088100000006,14.510437299999998,4.5,179,http://www.factorykafe.com/,Monday: 9:00 AM – 7:00 PM; Tuesday: 9:00 AM – 7:00 PM; Wednesday: 9:00 AM – 7:00 PM; Thursday: 9:00 AM – 7:00 PM; Friday: 9:00 AM – 7:00 PM; Saturday: 9:00 AM – 7:00 PM; Sunday: 9:00 AM – 7:00 PM,ChIJsZye2FPtC0cR6UirogbKBqo,Regular Cafe,coffee_shop,2026-05-07T10:36:10.721Z,https://www.google.com/maps/search/?api=1&query=place&query_place_id=ChIJsZye2FPtC0cR6UirogbKBqo
Kin & K Bakery,"Českomoravská 2420/15a, 190 00 Praha 9, Czechia",50.104793199999996,14.491363799999998,4.7,238,http://www.kinandkbakery.cz/,Monday: 8:30 AM – 7:00 PM; Tuesday: 8:30 AM – 7:00 PM; Wednesday: 8:30 AM – 7:00 PM; Thursday: 8:30 AM – 7:00 PM; Friday: 8:30 AM – 7:00 PM; Saturday: 9:30 AM – 7:00 PM; Sunday: 9:30 AM – 7:00 PM,ChIJwyhtGzHtC0cRIpR1UjunuLc,Regular Cafe,bakery,2026-05-07T10:36:10.721Z,https://www.google.com/maps/search/?api=1&query=place&query_place_id=ChIJwyhtGzHtC0cRIpR1UjunuLc
"Velký mlýn, dřevěné sochy","U Českých loděnic 40/6, 180 00 Praha 8-Libeň, Czechia",50.1075782,14.469088000000001,4.7,105,https://www.velkymlyn.cz/,Monday: 1:00 – 8:00 PM; Tuesday: 9:00 AM – 8:00 PM; Wednesday: 9:00 AM – 8:00 PM; Thursday: 9:00 AM – 8:00 PM; Friday: 9:00 AM – 8:00 PM; Saturday: 9:00 AM – 8:00 PM; Sunday: 9:00 AM – 8:00 PM,ChIJT6QCSCDrC0cRytl41HpmWLg,Regular Cafe,coffee_shop,2026-05-07T10:36:10.721Z,https://www.google.com/maps/search/?api=1&query=place&query_place_id=ChIJT6QCSCDrC0cRytl41HpmWLg
Regal Coffee,"Českomoravská 205/19, 190 00 Praha 9-Libeň, Czechia",50.103524,14.491653999999999,4.5,48,,Monday: 9:00 AM – 9:00 PM; Tuesday: 9:00 AM – 9:00 PM; Wednesday: 9:00 AM – 9:00 PM; Thursday: 9:00 AM – 9:00 PM; Friday: 9:00 AM – 9:00 PM; Saturday: 9:00 AM – 9:00 PM; Sunday: 9:00 AM – 9:00 PM,ChIJgXT-aGXtC0cRLwhBld5_Xp0,Regular Cafe,coffee_shop,2026-05-07T10:36:10.721Z,https://www.google.com/maps/search/?api=1&query=place&query_place_id=ChIJgXT-aGXtC0cRLwhBld5_Xp0
Yoga Hub Café,"Mochovská 478/40, 198 00 Praha 14-Hloubětín, Czechia",50.107018,14.5380749,5,14,https://www.yogahub.cz/,Monday: 9:00 AM – 6:00 PM; Tuesday: 9:00 AM – 6:00 PM; Wednesday: 9:00 AM – 6:00 PM; Thursday: 9:00 AM – 6:00 PM; Friday: 9:00 AM – 6:00 PM; Saturday: Closed; Sunday: 10:00 AM – 2:00 PM,ChIJ2d2WCn_tC0cRDXhO4JrTBoI,Regular Cafe,yoga_studio,2026-05-07T10:36:10.721Z,https://www.google.com/maps/search/?api=1&query=place&query_place_id=ChIJ2d2WCn_tC0cRDXhO4JrTBoI
Café Pilates,"Rýmařovská 199 00/561, 18 Praha 18-Letňany, Czechia",50.1359182,14.5103129,4.6,322,https://www.cafepilates.cz/,Monday: 8:00 AM – 9:00 PM; Tuesday: 8:00 AM – 9:00 PM; Wednesday: 8:00 AM – 9:00 PM; Thursday: 8:00 AM – 9:00 PM; Friday: 8:00 AM – 9:00 PM; Saturday: 8:00 AM – 9:00 PM; Sunday: 8:00 AM – 9:00 PM,ChIJSQrvqlPtC0cRy99zeRfI5qA,Regular Cafe,coffee_shop,2026-05-07T10:36:10.721Z,https://www.google.com/maps/search/?api=1&query=place&query_place_id=ChIJSQrvqlPtC0cRy99zeRfI5qA
Saboo Gelato,"nám. Na Balabence 1439/1, 190 00 Praha 9, Czechia",50.1051297,14.482993500000001,4.7,46,https://www.instagram.com/saboogelato?igsh=NTd2YXd3b295czlp,Monday: 9:00 AM – 7:00 PM; Tuesday: 9:00 AM – 7:00 PM; Wednesday: 9:00 AM – 7:00 PM; Thursday: 9:00 AM – 7:00 PM; Friday: 9:00 AM – 7:00 PM; Saturday: 10:00 AM – 7:00 PM; Sunday: 10:00 AM – 7:00 PM,ChIJzawVJTPtC0cRiKoIN92ITKo,Regular Cafe,coffee_shop,2026-05-07T10:36:10.721Z,https://www.google.com/maps/search/?api=1&query=place&query_place_id=ChIJzawVJTPtC0cRiKoIN92ITKo