Category,Name,Lat,Lon,Address,MapsURL,Status
Train Station,Říčany,49.9975873,14.6636523,,"https://www.google.com/maps/search/49.9975873,14.6636523",
Train Station,Praha-Zbraslav,49.9701735,14.3996671,,"https://www.google.com/maps/search/49.9701735,14.3996671",
Train Station,Praha-Radotín,49.9856288,14.3638195,,"https://www.google.com/maps/search/49.9856288,14.3638195",
Train Station,Praha-Horní Počernice,50.1166626,14.6124935,,"https://www.google.com/maps/search/50.1166626,14.6124935",
Train Station,Praha-Dejvice,50.096947,14.3995004,,"https://www.google.com/maps/search/50.096947,14.3995004",
Train Station,Mstětice,50.1360055,14.6896115,"27, Mstětice","https://www.google.com/maps/search/50.1360055,14.6896115",
Train Station,Praha-Běchovice,50.0822331,14.5979391,,"https://www.google.com/maps/search/50.0822331,14.5979391",
Train Station,Praha-Stodůlky,50.0621745,14.3460299,,"https://www.google.com/maps/search/50.0621745,14.3460299",
Train Station,Roztoky u Prahy,50.1599345,14.3984616,,"https://www.google.com/maps/search/50.1599345,14.3984616",
Train Station,Praha-Smíchov,50.0609821,14.4081269,,"https://www.google.com/maps/search/50.0609821,14.4081269",
University,Filozofická fakulta Univerzity Karlovy – Šporkův palác,50.0873096,14.4303674,"Hybernská, 1036/3, Praha 1","https://www.google.com/maps/search/50.0873096,14.4303674",
University,Fakulta elektrotechnická ČVUT,50.1026303,14.3929788,,"https://www.google.com/maps/search/50.1026303,14.3929788",
University,Fakulta strojní ČVUT,50.1033264,14.3916818,,"https://www.google.com/maps/search/50.1033264,14.3916818",
University,Kloknerův výzkumný a zkušební ústav hmot a konstrukcí stavebních ČVUT,50.1014965,14.3919974,,"https://www.google.com/maps/search/50.1014965,14.3919974",
University,Centrum informačních a poradenských služeb ČVUT,50.1057834,14.3890386,,"https://www.google.com/maps/search/50.1057834,14.3890386",
Shopping Center,Hasso,50.105548,14.574247,,"https://www.google.com/maps/search/50.105548,14.574247",
University,North Carolina State University - Prague Institute,50.0864618,14.4189931,,"https://www.google.com/maps/search/50.0864618,14.4189931",
University,Bankovní Institut Vysoká škola,50.0529861,14.3329965,,"https://www.google.com/maps/search/50.0529861,14.3329965",
University,"Filozofická fakulta Univerzity Karlovy, Celetná 20",50.0869973,14.4241908,,"https://www.google.com/maps/search/50.0869973,14.4241908",
Train Station,Praha-Ruzyně,50.0841825,14.3121846,,"https://www.google.com/maps/search/50.0841825,14.3121846",
University,Music and Dance Faculty of the Academy of Performing Arts in Prague,50.0878924,14.4020164,,"https://www.google.com/maps/search/50.0878924,14.4020164",
Train Station,Praha-Čakovice,50.1488787,14.5194492,,"https://www.google.com/maps/search/50.1488787,14.5194492",
University,Akademie můzických umění,50.0875481,14.4012684,,"https://www.google.com/maps/search/50.0875481,14.4012684",
University,Academy of Performing Arts in Prague,50.087649,14.4023543,"Malostranské náměstí, 259/12, Praha","https://www.google.com/maps/search/50.087649,14.4023543",
University,Film and TV School of the Academy of Performing Arts in Prague,50.0816826,14.41321,"Smetanovo nábřeží, 1012/2, Praha","https://www.google.com/maps/search/50.0816826,14.41321",
Train Station,Praha-Řeporyje,50.0323235,14.3094301,,"https://www.google.com/maps/search/50.0323235,14.3094301",
University,Husitská teologická fakulta UK,50.0450469,14.4416791,"Pacovská, 350/4, Praha 4","https://www.google.com/maps/search/50.0450469,14.4416791",
Train Station,Prague Main Station,50.0829628,14.4360939,,"https://www.google.com/maps/search/50.0829628,14.4360939",
Shopping Center,Fashion Arena Outlet Center,50.0739727,14.5403529,,"https://www.google.com/maps/search/50.0739727,14.5403529",
University,Newton College,50.0834346,14.4254009,"Václavské náměstí, 11, Praha","https://www.google.com/maps/search/50.0834346,14.4254009",
University,Vysoká škola obchodní,50.0807505,14.420339,,"https://www.google.com/maps/search/50.0807505,14.420339",
Train Station,Rudná u Prahy,50.0393759,14.2426596,,"https://www.google.com/maps/search/50.0393759,14.2426596",
Train Station,Praha-Žvahov,50.0455772,14.4022036,,"https://www.google.com/maps/search/50.0455772,14.4022036",
University,Business Institut EDU,50.0714761,14.4542642,,"https://www.google.com/maps/search/50.0714761,14.4542642",
Train Station,Praha-Braník,50.0279019,14.4068543,,"https://www.google.com/maps/search/50.0279019,14.4068543",
University,International Baptist Theological Seminary,50.1057897,14.3516009,"Nad Habrovkou, 2308/3, Praha","https://www.google.com/maps/search/50.1057897,14.3516009",
Train Station,Praha-Zličín,50.0641969,14.2977826,,"https://www.google.com/maps/search/50.0641969,14.2977826",
Train Station,Prague-Veleslavín,50.0949203,14.3461337,,"https://www.google.com/maps/search/50.0949203,14.3461337",
Train Station,Prague Masaryk Station,50.0878277,14.4341916,,"https://www.google.com/maps/search/50.0878277,14.4341916",
Train Station,Hostivice,50.0840764,14.2583603,,"https://www.google.com/maps/search/50.0840764,14.2583603",
University,Vysoká škola hotelová,50.1282384,14.4108624,"Stanošky, 17, Praha","https://www.google.com/maps/search/50.1282384,14.4108624",
Shopping Center,OC Černokostelecká,50.0044761,14.6566335,,"https://www.google.com/maps/search/50.0044761,14.6566335",
University,Studio FAMU,50.0914749,14.4285493,"Klimentská, 1205/4","https://www.google.com/maps/search/50.0914749,14.4285493",
University,CESNET,50.0988037,14.3886785,"Generála Píky, 430/26, Praha 6","https://www.google.com/maps/search/50.0988037,14.3886785",
Train Station,Praha-Zahradní Město,50.0621421,14.5038101,,"https://www.google.com/maps/search/50.0621421,14.5038101",
University,Czech Technical University in Prague,50.1029026,14.3946353,,"https://www.google.com/maps/search/50.1029026,14.3946353",
University,Fakulta stavební ČVUT,50.1041085,14.3881497,"Thákurova, 7/2077","https://www.google.com/maps/search/50.1041085,14.3881497",
University,Fakulta architektury ČVUT,50.1050367,14.3898904,,"https://www.google.com/maps/search/50.1050367,14.3898904",
University,Fakulta informačních technologií ČVUT,50.1050066,14.389523,,"https://www.google.com/maps/search/50.1050066,14.389523",
Train Station,Praha-Uhříněves,50.0336817,14.5916087,,"https://www.google.com/maps/search/50.0336817,14.5916087",
Train Station,Praha-Libeň,50.1006626,14.5023285,,"https://www.google.com/maps/search/50.1006626,14.5023285",
Train Station,Praha-Krč,50.034301,14.4465597,,"https://www.google.com/maps/search/50.034301,14.4465597",
University,Fakulta Sociálních Věd UK,50.0545573,14.3507311,,"https://www.google.com/maps/search/50.0545573,14.3507311",
Train Station,Praha-Bubny,50.1006974,14.4398251,,"https://www.google.com/maps/search/50.1006974,14.4398251",
University,Děkanát 1. LF UK,50.0737043,14.4277911,"Na Bojišti, 1660/3","https://www.google.com/maps/search/50.0737043,14.4277911",
University,"Fakulta sociálních věd Univerzity Karlovy, Hollar",50.0843149,14.413613,,"https://www.google.com/maps/search/50.0843149,14.413613",
Shopping Center,Galerie Butovice,50.048205,14.3544912,"Radlická, 117","https://www.google.com/maps/search/50.048205,14.3544912",
University,"Přírodovědecká fakulta UK, Sekce Biologie",50.0722592,14.4241794,"Viničná, 1594/7","https://www.google.com/maps/search/50.0722592,14.4241794",
Train Station,Praha-Michle autovlak,50.0530398,14.4701147,,"https://www.google.com/maps/search/50.0530398,14.4701147",
University,VŠE - Vysoká škola ekonomická,50.0842298,14.4411781,,"https://www.google.com/maps/search/50.0842298,14.4411781",
Train Station,Praha-Waltrovka,50.0551732,14.3769448,,"https://www.google.com/maps/search/50.0551732,14.3769448",
Shopping Center,Metropole Zličín,50.0534565,14.2868613,,"https://www.google.com/maps/search/50.0534565,14.2868613",
Shopping Center,Obchodní centrum Šárka,50.0973645,14.359391,"Evropská, 695/73","https://www.google.com/maps/search/50.0973645,14.359391",
University,Faculty of Mathematics and Physics of the Charles University,50.0883397,14.4032151,,"https://www.google.com/maps/search/50.0883397,14.4032151",
Student Dormitory,Masaryk Dormitory,50.1009987,14.3864909,"Thákurova, 1, Praha","https://www.google.com/maps/search/50.1009987,14.3864909",
Student Dormitory,Palachova B,50.0920699,14.484926,,"https://www.google.com/maps/search/50.0920699,14.484926",
Student Dormitory,Palachova C,50.0920467,14.4843438,,"https://www.google.com/maps/search/50.0920467,14.4843438",
Student Dormitory,Palachova A,50.092077,14.4855165,,"https://www.google.com/maps/search/50.092077,14.4855165",
University,Matematicko-fyzikální fakulta Univerzity Karlovy,50.1158014,14.4497953,,"https://www.google.com/maps/search/50.1158014,14.4497953",
Student Dormitory,B,50.1167569,14.4423842,"Pátkova, 2136/3","https://www.google.com/maps/search/50.1167569,14.4423842",
University,"Fakulta humanitních studií, Univerzita Karlova",50.1161678,14.4422334,"Pátkova, 2137/5, Praha","https://www.google.com/maps/search/50.1161678,14.4422334",
Student Dormitory,A,50.1161972,14.4430229,"Pátkova, 2135/1","https://www.google.com/maps/search/50.1161972,14.4430229",
Shopping Center,Obchodní dům Chrpa,50.0327028,14.4823662,,"https://www.google.com/maps/search/50.0327028,14.4823662",
Shopping Center,Část obchodního centra Avion,50.0493176,14.2959273,,"https://www.google.com/maps/search/50.0493176,14.2959273",
Shopping Center,Obchodní centrum Europark,50.0724602,14.542167,,"https://www.google.com/maps/search/50.0724602,14.542167",
Student Dormitory,University Hotel,50.0919868,14.483159,,"https://www.google.com/maps/search/50.0919868,14.483159",
Student Dormitory,Palachova D,50.0919772,14.4837611,,"https://www.google.com/maps/search/50.0919772,14.4837611",
Student Dormitory,Koleje Větrník,50.0877582,14.3557088,,"https://www.google.com/maps/search/50.0877582,14.3557088",
University,Rektorát,50.1300027,14.3735569,,"https://www.google.com/maps/search/50.1300027,14.3735569",
University,Faculty of Forestry and Wood Sciences,50.1300147,14.3698769,"Kamýcká, 1176","https://www.google.com/maps/search/50.1300147,14.3698769",
University,Czech University of Life Sciences Prague,50.1298879,14.3740412,,"https://www.google.com/maps/search/50.1298879,14.3740412",
University,FFWS - Carpenter Workshops,50.1306679,14.3693431,"Kamýcká, 1322","https://www.google.com/maps/search/50.1306679,14.3693431",
University,Policejní akademie,50.017475,14.4298558,,"https://www.google.com/maps/search/50.017475,14.4298558",
Student Dormitory,Dejvická kolej,50.101816,14.388302,,"https://www.google.com/maps/search/50.101816,14.388302",
Student Dormitory,Kolej V. Sinkule,50.1014795,14.3899316,,"https://www.google.com/maps/search/50.1014795,14.3899316",
Shopping Center,Obchodní centrum Lužiny,50.0438099,14.3318597,"Archeologická, 2256/1, Praha","https://www.google.com/maps/search/50.0438099,14.3318597",
Shopping Center,Šestka,50.0933174,14.2909686,"Fajtlova, 1090/1","https://www.google.com/maps/search/50.0933174,14.2909686",
Student Dormitory,Bubenečská kolej,50.1053889,14.3977135,,"https://www.google.com/maps/search/50.1053889,14.3977135",
University,Metropolitan University of Prague,50.0689599,14.4982327,"Dubečská, 900/10, Praha 10 - Strašnice","https://www.google.com/maps/search/50.0689599,14.4982327",
Student Dormitory,Thalerova kolej,50.0913712,14.4833306,,"https://www.google.com/maps/search/50.0913712,14.4833306",
University,Pedagogická fakulta,50.0776618,14.4156785,,"https://www.google.com/maps/search/50.0776618,14.4156785",
Student Dormitory,kolej Jednota,50.086531,14.4357488,,"https://www.google.com/maps/search/50.086531,14.4357488",
Shopping Center,Atrium,50.0754082,14.4184443,,"https://www.google.com/maps/search/50.0754082,14.4184443",
Shopping Center,Černá růže,50.0848089,14.4257196,,"https://www.google.com/maps/search/50.0848089,14.4257196",
Student Dormitory,Hlávkova kolej,50.0753297,14.4161864,,"https://www.google.com/maps/search/50.0753297,14.4161864",
University,University of New York in Prague,50.0734896,14.4339667,"Londýnská, 41","https://www.google.com/maps/search/50.0734896,14.4339667",
Shopping Center,VIVO!,50.0531516,14.5174757,,"https://www.google.com/maps/search/50.0531516,14.5174757",
Student Dormitory,Kolej Kajetánka 1,50.0875051,14.3710671,,"https://www.google.com/maps/search/50.0875051,14.3710671",
University,Katedra botaniky a Ústav pro životní prostředí,50.0713609,14.4210745,"Benátská, 433/2","https://www.google.com/maps/search/50.0713609,14.4210745",
University,"Fakulta dopravní, Masarykův ústav vyšších studií ČVUT",50.0671248,14.4242483,,"https://www.google.com/maps/search/50.0671248,14.4242483",
University,Fakulta dopravní ČVUT,50.0833766,14.416813,,"https://www.google.com/maps/search/50.0833766,14.416813",
University,Univerzita Karlova v Praze – 3. lékařská fakulta,50.0742665,14.4738938,,"https://www.google.com/maps/search/50.0742665,14.4738938",
Student Dormitory,Kolej Vltava,50.0196348,14.4958191,"Ekonomická, 953","https://www.google.com/maps/search/50.0196348,14.4958191",
Student Dormitory,Kolej Sázava,50.0203743,14.4947795,,"https://www.google.com/maps/search/50.0203743,14.4947795",
University,Academy of Fine Arts,50.1027552,14.4245556,,"https://www.google.com/maps/search/50.1027552,14.4245556",
University,Vysoká škola finanční a správní,50.0710675,14.4528589,,"https://www.google.com/maps/search/50.0710675,14.4528589",
Student Dormitory,Koleje Podolí blok B,50.0538346,14.4276903,,"https://www.google.com/maps/search/50.0538346,14.4276903",
Student Dormitory,Koleje Podolí blok C,50.0537964,14.427155,,"https://www.google.com/maps/search/50.0537964,14.427155",
Student Dormitory,Koleje Podolí blok A,50.053873,14.4282257,,"https://www.google.com/maps/search/50.053873,14.4282257",
Student Dormitory,Koleje Podolí blok E,50.0532303,14.4277933,,"https://www.google.com/maps/search/50.0532303,14.4277933",
Student Dormitory,Koleje Podolí blok F,50.0531912,14.4272607,,"https://www.google.com/maps/search/50.0531912,14.4272607",
Student Dormitory,Koleje Podolí blok D,50.0532676,14.428331,,"https://www.google.com/maps/search/50.0532676,14.428331",
University,"Matematicko-fyzikální fakulta Univerzity Karlovy, FJFI ČVUT",50.1152444,14.4488215,,"https://www.google.com/maps/search/50.1152444,14.4488215",
Shopping Center,OC Čestlice,50.0033618,14.5745381,"Obchodní, 111, Čestlice","https://www.google.com/maps/search/50.0033618,14.5745381",
Shopping Center,Novodvorská Plaza,50.0267645,14.4329401,"Novodvorská, 1800/136, Praha","https://www.google.com/maps/search/50.0267645,14.4329401",
Student Dormitory,Koleje Strahov blok 11,50.0806706,14.3955872,,"https://www.google.com/maps/search/50.0806706,14.3955872",
Student Dormitory,Koleje Strahov blok 12,50.0802667,14.3959906,,"https://www.google.com/maps/search/50.0802667,14.3959906",
Student Dormitory,Koleje Strahov blok 4,50.0799725,14.3929365,,"https://www.google.com/maps/search/50.0799725,14.3929365",
Student Dormitory,Koleje Strahov blok 2,50.0799509,14.3914785,,"https://www.google.com/maps/search/50.0799509,14.3914785",
Student Dormitory,Koleje Strahov blok 9,50.0798647,14.3947536,,"https://www.google.com/maps/search/50.0798647,14.3947536",
Student Dormitory,Koleje Strahov blok 1,50.0799532,14.3905316,,"https://www.google.com/maps/search/50.0799532,14.3905316",
Student Dormitory,Koleje Strahov blok 8,50.079853,14.3940286,,"https://www.google.com/maps/search/50.079853,14.3940286",
Student Dormitory,Koleje Strahov blok 5,50.0811351,14.391079,,"https://www.google.com/maps/search/50.0811351,14.391079",
Student Dormitory,Koleje Strahov blok 10,50.0798762,14.39548,,"https://www.google.com/maps/search/50.0798762,14.39548",
Student Dormitory,Koleje Strahov blok 7,50.0811566,14.3925348,,"https://www.google.com/maps/search/50.0811566,14.3925348",
Student Dormitory,Koleje Strahov blok 3,50.0799611,14.3922099,"Chaloupeckého, 311/11","https://www.google.com/maps/search/50.0799611,14.3922099",
Student Dormitory,Koleje Strahov blok 6,50.0811456,14.3918107,,"https://www.google.com/maps/search/50.0811456,14.3918107",
Shopping Center,Prague The Style Outlets,50.1263242,14.2807629,"Ke Kopanině, 421","https://www.google.com/maps/search/50.1263242,14.2807629",
Shopping Center,Lihovar,49.998564,14.6591002,,"https://www.google.com/maps/search/49.998564,14.6591002",
Student Dormitory,Koleje Univerzita Karlova,50.0521281,14.5389212,,"https://www.google.com/maps/search/50.0521281,14.5389212",
Shopping Center,Pasáž Sofie,50.005662,14.4184521,,"https://www.google.com/maps/search/50.005662,14.4184521",
University,2. lékařská fakulta,50.0740572,14.341073,,"https://www.google.com/maps/search/50.0740572,14.341073",
Shopping Center,Galerie Harfa,50.1042943,14.4909056,"Českomoravská, 2420, Praha","https://www.google.com/maps/search/50.1042943,14.4909056",
Shopping Center,Obchodní centrum Letňany,50.1358362,14.5016312,"Veselská, 663","https://www.google.com/maps/search/50.1358362,14.5016312",
Student Dormitory,Kolej Volha,50.0208006,14.4904273,"K Verneráku, 950/45","https://www.google.com/maps/search/50.0208006,14.4904273",
University,Faculty of environmental sciences,50.1296725,14.3703229,"Kamýcká, 1294","https://www.google.com/maps/search/50.1296725,14.3703229",
Shopping Center,Quadrio,50.0815054,14.4201258,"Spálená, 22, Praha","https://www.google.com/maps/search/50.0815054,14.4201258",
University,"University of Economics, Prague",50.0203384,14.4925224,"Ekonomická, 957","https://www.google.com/maps/search/50.0203384,14.4925224",
Shopping Center,Westfield Černý Most,50.1081058,14.5836838,,"https://www.google.com/maps/search/50.1081058,14.5836838",
Shopping Center,Slovanský dům,50.0859642,14.427757,"Na Příkopě, 22","https://www.google.com/maps/search/50.0859642,14.427757",
University,Institute of Organic Chemistry and Biochemistry AS CR,50.1058159,14.391324,,"https://www.google.com/maps/search/50.1058159,14.391324",
Student Dormitory,Budeč,50.0705346,14.4325376,"Wenzigova, 20, Praha 2","https://www.google.com/maps/search/50.0705346,14.4325376",
Student Dormitory,Kolej A,50.1314088,14.376043,,"https://www.google.com/maps/search/50.1314088,14.376043",
University,Masarykův ústav vyšších studií Českého vysokého učení technického,50.1010195,14.3860562,,"https://www.google.com/maps/search/50.1010195,14.3860562",
Shopping Center,Arkády Pankrác,50.0508919,14.4379648,,"https://www.google.com/maps/search/50.0508919,14.4379648",
Student Dormitory,Kolej Blanice,50.0198122,14.4974514,"Chemická, 955","https://www.google.com/maps/search/50.0198122,14.4974514",
Student Dormitory,Kolej Otava,50.0198025,14.49702,"Chemická, 954","https://www.google.com/maps/search/50.0198025,14.49702",
Shopping Center,Nový Smíchov,50.073153,14.402159,,"https://www.google.com/maps/search/50.073153,14.402159",
Shopping Center,Obchodní centrum Kunratice,50.0111539,14.4757148,,"https://www.google.com/maps/search/50.0111539,14.4757148",
Shopping Center,OC Retail park Hornoměcholupská,50.0434582,14.5689489,,"https://www.google.com/maps/search/50.0434582,14.5689489",
Shopping Center,OC Flora,50.0787771,14.461115,,"https://www.google.com/maps/search/50.0787771,14.461115",
Shopping Center,Galerie Fénix,50.1099201,14.5011867,,"https://www.google.com/maps/search/50.1099201,14.5011867",
Shopping Center,Palladium,50.0894611,14.4296151,"náměstí Republiky, 1, Praha 1","https://www.google.com/maps/search/50.0894611,14.4296151",
Shopping Center,Retail Park,50.1525644,14.5900628,,"https://www.google.com/maps/search/50.1525644,14.5900628",
University,IMPAKT,50.1162527,14.4497846,,"https://www.google.com/maps/search/50.1162527,14.4497846",
Shopping Center,Westfield Chodov,50.0311493,14.4902869,,"https://www.google.com/maps/search/50.0311493,14.4902869",
University,Kampus Dejvice,50.1034899,14.3902899,,"https://www.google.com/maps/search/50.1034899,14.3902899",
University,"Faculty of Arts, Charles University in Prague",50.0888891,14.4162756,,"https://www.google.com/maps/search/50.0888891,14.4162756",
University,"Academy of Arts, Architecture and Design in Prague",50.0884733,14.4148146,,"https://www.google.com/maps/search/50.0884733,14.4148146",
University,České vysoké učení technické v Praze,50.0765453,14.4178434,"Karlovo náměstí, 13","https://www.google.com/maps/search/50.0765453,14.4178434",
University,Přírodovědecká fakulta UK biologie,50.0720524,14.4233345,,"https://www.google.com/maps/search/50.0720524,14.4233345",
University,Přírodovědecká fakulta Univerzity Karlovy - budova chemické sekce,50.0679794,14.4249722,,"https://www.google.com/maps/search/50.0679794,14.4249722",
University,Student Affairs Division of Faculty of Science of Charles University,50.0705575,14.4198461,"Albertov, 6, Praha","https://www.google.com/maps/search/50.0705575,14.4198461",
University,Anglo-americká vysoká škola,50.0897425,14.4088322,"Letenská, 5, Praha 1","https://www.google.com/maps/search/50.0897425,14.4088322",
Shopping Center,OC Spektrum,50.0049254,14.5721399,"Obchodní, 329, Čestlice","https://www.google.com/maps/search/50.0049254,14.5721399",
Student Dormitory,kolej Hvězda,50.0853793,14.349495,,"https://www.google.com/maps/search/50.0853793,14.349495",
University,Vysoká škola ekonomie a managementu,50.0527788,14.332796,,"https://www.google.com/maps/search/50.0527788,14.332796",
University,"Faculty of Agrobiology, Food and Natural Resources",50.1299347,14.3723004,,"https://www.google.com/maps/search/50.1299347,14.3723004",
University,Kampus Hybernská,50.0867082,14.4297145,"Hybernská, 998/4","https://www.google.com/maps/search/50.0867082,14.4297145",
Shopping Center,Retail park Jinočany,50.0308114,14.2786231,,"https://www.google.com/maps/search/50.0308114,14.2786231",
University,FE - Workshops,50.1286385,14.3744328,"Kamýcká, 1274","https://www.google.com/maps/search/50.1286385,14.3744328",
University,Pedagogická fakulta Univerzity Karlovy,50.0797103,14.4206271,"Magdalény Rettigové, 48","https://www.google.com/maps/search/50.0797103,14.4206271",
University,Přírodovědecká fakulta Univerzity Karlovy,50.0686605,14.4246163,,"https://www.google.com/maps/search/50.0686605,14.4246163",
University,Fakulta tělesné výchovy a sportu Univerzity Karlovy,50.0918154,14.3333813,,"https://www.google.com/maps/search/50.0918154,14.3333813",
University,Student Information Centre,50.1288136,14.3728337,,"https://www.google.com/maps/search/50.1288136,14.3728337",
University,"Faculty of Arts, Charles University, Na Příkopě 29",50.0864975,14.4266209,,"https://www.google.com/maps/search/50.0864975,14.4266209",
University,University of Chemistry and Technology in Prague,50.1025222,14.3903458,,"https://www.google.com/maps/search/50.1025222,14.3903458",
University,Faculty of Engineering,50.1292616,14.3743402,"Kamýcká, 872","https://www.google.com/maps/search/50.1292616,14.3743402",
University,Faculty of Economics and Management,50.1311558,14.3734494,"Kamýcká, 959","https://www.google.com/maps/search/50.1311558,14.3734494",
University,Theatre Faculty of the Academy of Performing Arts in Prague,50.0857074,14.41719,"Karlova, 26, Praha","https://www.google.com/maps/search/50.0857074,14.41719",
University,Pražská vysoká škola psychosociálních studií,50.0378973,14.5173634,,"https://www.google.com/maps/search/50.0378973,14.5173634",
University,Circle Club,50.1287741,14.376036,,"https://www.google.com/maps/search/50.1287741,14.376036",
University,Koleje a menzy UK - kolej Hostivař,50.0521655,14.540114,,"https://www.google.com/maps/search/50.0521655,14.540114",
