city_name,name,link,address,latitude,longitude,premium,awards_winner,featured_photo,website,instagram,facebook,date_published,date_modified
prague,Tomcat coffee,https://europeancoffeetrip.com/cafe/tomcatcoffee-prague/,Benešova 1273/1,50.028186400,14.365437200,True,False,https://europeancoffeetrip.com/wp-content/uploads/city-guides/cafes/3171/1_new.jpg,,,,2026-05-07T17:41:51+00:00,2026-05-07T17:41:51+00:00
prague,Kolektor,https://europeancoffeetrip.com/cafe/kolektor-prague/,Dukelských Hrdinů 530/47,50.101075700,14.432794500,True,False,https://europeancoffeetrip.com/wp-content/uploads/city-guides/cafes/3523/00ccdb5b-3993-4e1b-b883-a798a0c12225.jpeg,,,,2026-05-07T17:41:51+00:00,2026-05-07T17:41:51+00:00
prague,Father's coffee store,https://europeancoffeetrip.com/cafe/fathers-prague/,Bubenečská 43,50.101989200,14.404802200,True,False,https://europeancoffeetrip.com/wp-content/uploads/city-guides/cafes/23707/img_9126-1.jpg,,,,2026-05-07T17:41:51+00:00,2026-05-07T17:41:51+00:00
prague,Helen's coffee Hůrka,https://europeancoffeetrip.com/cafe/helenscoffeehurka-prague/,Sluneční náměstí 2560/4,50.050437000,14.342004700,True,False,https://europeancoffeetrip.com/wp-content/uploads/city-guides/cafes/2323/helens-coffee-hurka-prague-social-media.jpg,,,,2026-05-07T17:41:51+00:00,2026-05-07T17:41:51+00:00
prague,Version Coffee,https://europeancoffeetrip.com/cafe/versioncoffee-prague/,"Anglická 529/15, Vinohrady",50.076791000,14.433327400,True,False,https://europeancoffeetrip.com/wp-content/uploads/city-guides/cafes/5996/dsc00303.jpg,,,,2026-05-07T17:41:51+00:00,2026-05-07T17:41:51+00:00
prague,Supernova Bakehouse,https://europeancoffeetrip.com/cafe/supernovabakehouse-karlin-prague/,Thámova 137/16,50.091960400,14.453035700,True,False,https://europeancoffeetrip.com/wp-content/uploads/city-guides/cafes/19396/dscf8346-1.jpg,,,,2026-05-07T17:41:51+00:00,2026-05-07T17:41:51+00:00
prague,Industra Coffee Praha Holešovice,https://europeancoffeetrip.com/cafe/industracoffee-holesovice-prague/,Veletržní 404/6,50.102658500,14.435230200,True,False,https://europeancoffeetrip.com/wp-content/uploads/city-guides/cafes/29857/industra-veletrzni-1.jpg,,,,2026-05-07T17:41:51+00:00,2026-05-07T17:41:51+00:00
prague,Head Shot Coffee,https://europeancoffeetrip.com/cafe/headshotcoffeefrantiskanskazahrada-prague/,"Palackého 720/5, Nové Město",50.081713100,14.423530300,True,False,https://europeancoffeetrip.com/wp-content/uploads/city-guides/cafes/2066/dsc_0252.JPG,,,,2026-05-07T17:41:51+00:00,2026-05-07T17:41:51+00:00
prague,"kavárna 6,33",https://europeancoffeetrip.com/cafe/kavarna633-prague/,Březiněveská 95/15,50.126526100,14.456803100,True,False,https://europeancoffeetrip.com/wp-content/uploads/city-guides/cafes/15623/img_5647.jpeg,,,,2026-05-07T17:41:51+00:00,2026-05-07T17:41:51+00:00
prague,Urban Café,https://europeancoffeetrip.com/cafe/urbancafe-prague/,Na Poříčí 37,50.090485000,14.435857000,True,False,https://europeancoffeetrip.com/wp-content/uploads/city-guides/cafes/945/urbancafepraha_349249111_1539873359756023_6430467607802539375_n.jpg,,,,2026-05-07T17:41:51+00:00,2026-05-07T17:41:51+00:00
prague,BeBerry Coffee Showroom,https://europeancoffeetrip.com/cafe/beberry-coffee-prague/,Přípotoční 35,50.066055400,14.460214900,True,False,https://europeancoffeetrip.com/wp-content/uploads/city-guides/cafes/7736/dsc09658.jpg,,,,2026-05-07T17:41:51+00:00,2026-05-07T17:41:51+00:00
prague,Alchymista,https://europeancoffeetrip.com/cafe/alchymista-prague/,Jana Zajíce 975/7,50.100947500,14.417189800,True,False,https://europeancoffeetrip.com/wp-content/uploads/city-guides/cafes/404/aum07248.jpg,,,,2026-05-07T17:41:51+00:00,2026-05-07T17:41:51+00:00
prague,LOKA Masaryčka,https://europeancoffeetrip.com/cafe/loka-espresobar-prague/,"Na Florenci 2139/2, budova A",50.088452300,14.433937300,True,False,https://europeancoffeetrip.com/wp-content/uploads/city-guides/cafes/10441/loka-2023-prague-doubleshot.jpg,,,,2026-05-07T17:41:51+00:00,2026-05-07T17:41:51+00:00
prague,Cafe Majada,https://europeancoffeetrip.com/cafe/cafemajada-prague/,Hartigova 2153/227,50.092358400,14.492998100,True,False,https://europeancoffeetrip.com/wp-content/uploads/city-guides/cafes/23563/dsc09708-2.JPG,,,,2026-05-07T17:41:51+00:00,2026-05-07T17:41:51+00:00
prague,onesip coffee,https://europeancoffeetrip.com/cafe/onesipcoffee-prague/,Haštalská 755 /15,50.091281800,14.425392900,True,False,https://europeancoffeetrip.com/wp-content/uploads/city-guides/cafes/161/dsc06687.jpg,,,,2026-05-07T17:41:51+00:00,2026-05-07T17:41:51+00:00
prague,Kavárna Místo,https://europeancoffeetrip.com/cafe/misto-prague/,Bubenečská 284/12,50.099014296,14.404462874,True,False,https://europeancoffeetrip.com/wp-content/uploads/city-guides/cafes/38/cihi8629.jpg,,,,2026-05-07T17:41:51+00:00,2026-05-07T17:41:51+00:00
prague,Dos Mundos,https://europeancoffeetrip.com/cafe/dosmundos-prague/,Sázavská 24,50.075882500,14.440781800,True,False,https://europeancoffeetrip.com/wp-content/uploads/city-guides/cafes/413/untitled3.jpg,,,,2026-05-07T17:41:51+00:00,2026-05-07T17:41:51+00:00
prague,Helen's coffee Harmonická,https://europeancoffeetrip.com/cafe/helenscoffee-prague/,Harmonická 1384/11,50.051140500,14.329773700,True,False,https://europeancoffeetrip.com/wp-content/uploads/city-guides/cafes/2322/helens-coffee-prague-social-media.jpg,,,,2026-05-07T17:41:51+00:00,2026-05-07T17:41:51+00:00
prague,Mistral café,https://europeancoffeetrip.com/cafe/mistralcafe-prague/,Valentinská 11,50.088315000,14.416280000,True,False,https://europeancoffeetrip.com/wp-content/uploads/city-guides/cafes/5617/mistralcafe-prague-owners-1.jpeg,,,,2026-05-07T17:41:51+00:00,2026-05-07T17:41:51+00:00
prague,KOPI,https://europeancoffeetrip.com/cafe/kopi-prague/,Zenklova 2530/23,50.105334700,14.472751800,True,False,https://europeancoffeetrip.com/wp-content/uploads/city-guides/cafes/24140/1ab83427-270f-4d3f-b4ac-5de8b0a2b853.jpg,,,,2026-05-07T17:41:51+00:00,2026-05-07T17:41:51+00:00
prague,Spell Coffee,https://europeancoffeetrip.com/cafe/spellcoffee-prague/,Jindřišská 939/20,50.083784900,14.428990300,True,False,https://europeancoffeetrip.com/wp-content/uploads/city-guides/cafes/1610/_mg_2335_1.jpeg,,,,2026-05-07T17:41:51+00:00,2026-05-07T17:41:51+00:00
prague,Café V Ráji,https://europeancoffeetrip.com/cafe/cafevraji-prague/,Karlínské nám. 170/3,50.092771300,14.448519400,True,False,https://europeancoffeetrip.com/wp-content/uploads/city-guides/cafes/15277/export20240531-05467-1.jpg,,,,2026-05-07T17:41:51+00:00,2026-05-07T17:41:51+00:00
prague,Anežka,https://europeancoffeetrip.com/cafe/anezka-prague/,"Anežská 812/12, Staré Město",50.092035900,14.423898800,True,False,https://europeancoffeetrip.com/wp-content/uploads/city-guides/cafes/6912/davidstejskal_zmena_barev-4.jpg,,,,2026-05-07T17:41:51+00:00,2026-05-07T17:41:51+00:00
prague,Tomcat coffee Košíře,https://europeancoffeetrip.com/cafe/tomcatcoffee-kosire-prague/,Plzeňská 3411/132,50.071173100,14.382413400,True,False,https://europeancoffeetrip.com/wp-content/uploads/city-guides/cafes/18519/tomcatcoffee2_1721629620_3417599420478377700_66431207592.jpg,,,,2026-05-07T17:41:51+00:00,2026-05-07T17:41:51+00:00
prague,Elias Coffee Shop,https://europeancoffeetrip.com/cafe/elias-coffeeshop-prague/,Štěpánská 623/40,50.080181200,14.426344000,True,False,https://europeancoffeetrip.com/wp-content/uploads/city-guides/cafes/9712/elias-cafe-online-4.jpg,,,,2026-05-07T17:41:51+00:00,2026-05-07T17:41:51+00:00
prague,Sabores,https://europeancoffeetrip.com/cafe/sabores/,Vyšehradská 6,50.068424300,14.417360300,True,False,https://europeancoffeetrip.com/wp-content/uploads/city-guides/cafes/28915/1.png,,,,2026-05-07T17:41:51+00:00,2026-05-07T17:41:51+00:00
prague,BLUMERY,https://europeancoffeetrip.com/cafe/blumery-prague/,Náměstí Jiřího z Poděbrad 848/17,50.077817100,14.452280800,True,False,https://europeancoffeetrip.com/wp-content/uploads/city-guides/cafes/30914/dsc00988-2.jpg,,,,2026-05-07T17:41:51+00:00,2026-05-07T17:41:51+00:00
prague,Periferie Cafe,https://europeancoffeetrip.com/cafe/periferiecafe-prague/,Branická 473/49,50.037095900,14.412384900,True,False,https://europeancoffeetrip.com/wp-content/uploads/city-guides/cafes/22709/periferiecafe-prague-google-2025-04-16.jpeg,,,,2026-05-07T17:41:51+00:00,2026-05-07T17:41:51+00:00
prague,Supernova Bakehouse,https://europeancoffeetrip.com/cafe/supernovabakehouse-prague/,Na Zátorách 1625/3,50.108171000,14.437926100,True,False,https://europeancoffeetrip.com/wp-content/uploads/city-guides/cafes/5627/0q2a8301.jpg,,,,2026-05-07T17:41:51+00:00,2026-05-07T17:41:51+00:00
prague,kk kava&kuchyne,https://europeancoffeetrip.com/cafe/kk-prague/,Václavská 9,50.074242800,14.417367200,True,False,https://europeancoffeetrip.com/wp-content/uploads/city-guides/cafes/23261/bar.jpg,,,,2026-05-07T17:41:51+00:00,2026-05-07T17:41:51+00:00
prague,Mazelab Tasting Studio,https://europeancoffeetrip.com/cafe/mazelab-prague/,Československé armády 729/28,50.100913900,14.398621800,True,2024,https://europeancoffeetrip.com/wp-content/uploads/city-guides/cafes/1967/jackietrananh_1750425311_3659155187545691862_4512770700.jpg,,,,2026-05-07T17:41:51+00:00,2026-05-07T17:41:51+00:00
prague,Industra Coffee Praha Nusle,https://europeancoffeetrip.com/cafe/industracoffee-prague/,Oldřichova 427/31,50.065959500,14.428547800,True,False,https://europeancoffeetrip.com/wp-content/uploads/city-guides/cafes/9764/industra-coffee_359762066_233088339616362_3908607397397773652_n.jpg,,,,2026-05-07T17:41:51+00:00,2026-05-07T17:41:51+00:00
prague,Můj šálek kávy,https://europeancoffeetrip.com/cafe/mujsalekkavy/,Křižíkova 105,50.093507900,14.455106800,True,False,https://europeancoffeetrip.com/wp-content/uploads/city-guides/cafes/293/muj-salek-kavy-2022-07-18.jpeg,,,,2026-05-07T17:41:51+00:00,2026-05-07T17:41:51+00:00
prague,LOKA Alza.cz,https://europeancoffeetrip.com/cafe/espressobaralzacz-prague/,"Holešovická tržnice, Hala č. 8",50.100294000,14.448158000,True,False,https://europeancoffeetrip.com/wp-content/uploads/city-guides/cafes/2166/loka-alza-608-enhanced-nr.jpg,,,,2026-05-07T17:41:51+00:00,2026-05-07T17:41:51+00:00
prague,Kafemat,https://europeancoffeetrip.com/cafe/kafemat-prague/,Dejvická 3,50.097928000,14.400610000,True,False,https://europeancoffeetrip.com/wp-content/uploads/city-guides/cafes/1247/kafemat-social-media-prague-2.jpg,,,,2026-05-07T17:41:51+00:00,2026-05-07T17:41:51+00:00
prague,Kafe U Ševce,https://europeancoffeetrip.com/cafe/kafeusevce-prague/,V Olšinách 1122/50,50.071152800,14.485388800,False,False,https://europeancoffeetrip.com/wp-content/uploads/city-guides/cafes/15539/kafeusevce.jpg,,,,2026-05-07T17:41:51+00:00,2026-05-07T17:41:51+00:00
prague,DISTRICT 25,https://europeancoffeetrip.com/cafe/district25-prague/,Roztocká 45/37,50.133214600,14.393210500,False,False,https://europeancoffeetrip.com/wp-content/uploads/city-guides/cafes/24993/district_25__1755784699_3704112990424039354_68452828191.jpg,,,,2026-05-07T17:41:51+00:00,2026-05-07T17:41:51+00:00
prague,I need Coffee,https://europeancoffeetrip.com/cafe/ineedcoffee-prague/,Na Moráni 7,50.073603400,14.416240200,False,False,https://europeancoffeetrip.com/wp-content/uploads/city-guides/cafes/334/i-need-coffee-prague-4.jpg,,,,2026-05-07T17:41:51+00:00,2026-05-07T17:41:51+00:00
prague,The Miners Máj,https://europeancoffeetrip.com/cafe/theminersmaj-prague/,Národní 63/26,50.082309000,14.419482900,False,False,https://europeancoffeetrip.com/wp-content/uploads/city-guides/cafes/18566/dsc_4003.jpg,,,,2026-05-07T17:41:51+00:00,2026-05-07T17:41:51+00:00
prague,SmetanaQ,https://europeancoffeetrip.com/cafe/smetanaq-prague/,Smetanovo nábřeží 334/4,50.081988700,14.413230100,False,False,https://europeancoffeetrip.com/wp-content/uploads/city-guides/cafes/2293/smetanaq-prague-social-media-4.jpg,,,,2026-05-07T17:41:51+00:00,2026-05-07T17:41:51+00:00
prague,Drip it Espresso bar,https://europeancoffeetrip.com/cafe/dripit-prague/,Petrska 1216/19,50.091753652,14.433905910,False,False,https://europeancoffeetrip.com/wp-content/uploads/city-guides/cafes/3626/dsc00624.jpg,,,,2026-05-07T17:41:51+00:00,2026-05-07T17:41:51+00:00
prague,Sestava,https://europeancoffeetrip.com/cafe/sestava-prague/,Žitomírská 742/22,50.069687700,14.456697000,False,False,https://europeancoffeetrip.com/wp-content/uploads/city-guides/cafes/28316/sestata-exterier.jpg,,,,2026-05-07T17:41:51+00:00,2026-05-07T17:41:51+00:00
prague,terkafe,https://europeancoffeetrip.com/cafe/terkafe-prague/,Rooseveltova 32,50.103271600,14.396971100,False,False,https://europeancoffeetrip.com/wp-content/uploads/city-guides/cafes/28945/terkafe-bubenec_1768756539_3812928671497859377_78355631900.jpg,,,,2026-05-07T17:41:51+00:00,2026-05-07T17:41:51+00:00
prague,La Forme Bakery,https://europeancoffeetrip.com/cafe/laforme-prague/,Jaselská 266/10,50.099178500,14.403511600,False,False,https://europeancoffeetrip.com/wp-content/uploads/city-guides/cafes/2287/la-forme-praha-social-media.jpg,,,,2026-05-07T17:41:51+00:00,2026-05-07T17:41:51+00:00
prague,Cafe Borzoi,https://europeancoffeetrip.com/cafe/cafeborzoi-prague/,Zelená 943/7,50.106897300,14.395127100,False,False,https://europeancoffeetrip.com/wp-content/uploads/city-guides/cafes/2469/afe-barzoi-prague-social-media.jpg,,,,2026-05-07T17:41:51+00:00,2026-05-07T17:41:51+00:00
prague,EMA espresso bar (Alf&Bet),https://europeancoffeetrip.com/cafe/emaespressobar2-prague/,Světova 454/2,50.105785900,14.473118000,False,False,https://europeancoffeetrip.com/wp-content/uploads/city-guides/cafes/1046/alf-bet-1.jpg,,,,2026-05-07T17:41:51+00:00,2026-05-07T17:41:51+00:00
prague,Botanica Coffee Truck,https://europeancoffeetrip.com/cafe/botanicacoffeetruck-prague/,Moskevská 35,50.069204600,14.455230000,False,False,https://europeancoffeetrip.com/wp-content/uploads/city-guides/cafes/2320/botanica-coffee-truck-prague-social-media-1.jpg,,,,2026-05-07T17:41:51+00:00,2026-05-07T17:41:51+00:00
prague,Tout va bien,https://europeancoffeetrip.com/cafe/toutvabien-prague/,"Slezská 482/125, Vinohrady",50.077112400,14.465335600,False,False,https://europeancoffeetrip.com/wp-content/uploads/city-guides/cafes/2065/tout-va-bien-prague-social-media.jpg,,,,2026-05-07T17:41:51+00:00,2026-05-07T17:41:51+00:00
prague,EMA espresso bar,https://europeancoffeetrip.com/cafe/emaespressobar-holesovice-prague/,Komunardů 1584/42,50.105930100,14.450257000,False,False,https://europeancoffeetrip.com/wp-content/uploads/city-guides/cafes/24146/img_4161.jpeg,,,,2026-05-07T17:41:51+00:00,2026-05-07T17:41:51+00:00
prague,The Miners Letná,https://europeancoffeetrip.com/cafe/theminersletna-prague/,M. Horákové 684/16,50.099400800,14.430956400,False,False,https://europeancoffeetrip.com/wp-content/uploads/city-guides/cafes/18893/letna1-2.jpg,,,,2026-05-07T17:41:51+00:00,2026-05-07T17:41:51+00:00
prague,Matilda,https://europeancoffeetrip.com/cafe/matilda-prague/,Korunovační 923/17,50.101011000,14.418200300,False,False,https://europeancoffeetrip.com/wp-content/uploads/city-guides/cafes/19096/matildaprague_1737708141_3552475831357075030_64180199790.jpg,,,,2026-05-07T17:41:51+00:00,2026-05-07T17:41:51+00:00
prague,Coffee Corner Bakery,https://europeancoffeetrip.com/cafe/coffeecornerbakery-prague/,Korunní 1342/96,50.075290100,14.454113100,False,False,https://europeancoffeetrip.com/wp-content/uploads/city-guides/cafes/4096/468337999_2306396076400767_2401164073171279751_n.jpg,,,,2026-05-07T17:41:51+00:00,2026-05-07T17:41:51+00:00
prague,SOMA,https://europeancoffeetrip.com/cafe/kafeprales-prague/,"Seifertova 555/47, Žižkov",50.085205200,14.445085600,False,False,https://europeancoffeetrip.com/wp-content/uploads/city-guides/cafes/19005/fullsizerender_vsco.jpeg,,,,2026-05-07T17:41:51+00:00,2026-05-07T17:41:51+00:00
prague,Kavárna Pražírna,https://europeancoffeetrip.com/cafe/kavarnaprazirna-prague/,Lublaňská 676/50,50.074900060,14.431228638,False,False,https://europeancoffeetrip.com/wp-content/uploads/city-guides/cafes/112/kavarna-prazirna-prague-social-media.jpg,,,,2026-05-07T17:41:51+00:00,2026-05-07T17:41:51+00:00
prague,Hans,https://europeancoffeetrip.com/cafe/hrnecek-prague/,"Petrská 7, Nové Město",50.091519900,14.433061400,False,False,https://europeancoffeetrip.com/wp-content/uploads/city-guides/cafes/6579/hrnecek-prague-owners-2.jpeg,,,,2026-05-07T17:41:51+00:00,2026-05-07T17:41:51+00:00
prague,Ronin Coffee Spot,https://europeancoffeetrip.com/cafe/ronincoffeespot-prague/,J. Masaryka 332/52,50.072579500,14.440973200,False,False,https://europeancoffeetrip.com/wp-content/uploads/city-guides/cafes/1899/IMG_8151.jpeg,,,,2026-05-07T17:41:51+00:00,2026-05-07T17:41:51+00:00
prague,Krafin Cafe & Bakery,https://europeancoffeetrip.com/cafe/krafincafebakery-prague/,Voroněžská 19,50.071693800,14.445865700,False,False,https://europeancoffeetrip.com/wp-content/uploads/city-guides/cafes/13006/411178289_17924501858814951_3919077100711271139_n.jpg,,,,2026-05-07T17:41:51+00:00,2026-05-07T17:41:51+00:00
prague,Head Shot Coffee,https://europeancoffeetrip.com/cafe/headshotcoffee-prague/,Jungmannova 19/7,50.080010000,14.422216400,False,False,https://europeancoffeetrip.com/wp-content/uploads/city-guides/cafes/1157/dsc_0281.JPG,,,,2026-05-07T17:41:51+00:00,2026-05-07T17:41:51+00:00
prague,Café Letka,https://europeancoffeetrip.com/cafe/cafeletka-prague/,Letohradská 44,50.098234900,14.425365400,False,False,https://europeancoffeetrip.com/wp-content/uploads/city-guides/cafes/845/cafe-letka-praha.jpg,,,,2026-05-07T17:41:51+00:00,2026-05-07T17:41:51+00:00
prague,BA-LĂM,https://europeancoffeetrip.com/cafe/balam-prague/,Sokolovská 444/118,50.094940000,14.456067300,False,False,https://europeancoffeetrip.com/wp-content/uploads/city-guides/cafes/21033/img_0346.jpeg,,,,2026-05-07T17:41:51+00:00,2026-05-07T17:41:51+00:00
prague,Dobrotéka Žižkov,https://europeancoffeetrip.com/cafe/dobroteka-prague/,Hartigova 176,50.091926100,14.479975700,False,False,https://europeancoffeetrip.com/wp-content/uploads/city-guides/cafes/14766/img_4575.jpeg,,,,2026-05-07T17:41:51+00:00,2026-05-07T17:41:51+00:00
prague,The Miners Coffee Komunardů,https://europeancoffeetrip.com/cafe/theminerscoffeekomunardu-prague/,Komunardů 35,50.104288600,14.449726500,False,False,https://europeancoffeetrip.com/wp-content/uploads/city-guides/cafes/30152/807a0711.jpg,,,,2026-05-07T17:41:51+00:00,2026-05-07T17:41:51+00:00
prague,Neosly,https://europeancoffeetrip.com/cafe/neosly-prague/,Jaromírova 487/4,50.064835200,14.425368200,False,False,https://europeancoffeetrip.com/wp-content/uploads/city-guides/cafes/12943/neosly_cafe_1711469031_3332366220756466326_60937134174.jpg,,,,2026-05-07T17:41:51+00:00,2026-05-07T17:41:51+00:00
prague,Chleba Máslo,https://europeancoffeetrip.com/cafe/chlebamaslo-prague/,Jana Zajíce 924/16,50.101171000,14.417910500,False,False,https://europeancoffeetrip.com/wp-content/uploads/city-guides/cafes/22654/chlebamasloletna_1693944371_3185358722103705915_6374464938.jpg,,,,2026-05-07T17:41:51+00:00,2026-05-07T17:41:51+00:00
prague,Respekt Coffee,https://europeancoffeetrip.com/cafe/respektcoffee-prague/,Radlická,50.058860000,14.389330000,False,False,https://europeancoffeetrip.com/wp-content/uploads/city-guides/cafes/2395/respekt-coffee-radlicka-prague-scial-media.jpg,,,,2026-05-07T17:41:51+00:00,2026-05-07T17:41:51+00:00
prague,Cafedu,https://europeancoffeetrip.com/cafe/cafedu-prague/,Škrétova 490/12,50.078816000,14.432677000,False,False,https://europeancoffeetrip.com/wp-content/uploads/city-guides/cafes/1737/img_0433.JPG,,,,2026-05-07T17:41:51+00:00,2026-05-07T17:41:51+00:00
prague,HONEST TASTE,https://europeancoffeetrip.com/cafe/honesttaste-prague/,Legerova 33,50.073206700,14.430167900,False,False,https://europeancoffeetrip.com/wp-content/uploads/city-guides/cafes/12216/img_4593.jpeg,,,,2026-05-07T17:41:51+00:00,2026-05-07T17:41:51+00:00
prague,The Miners Victoria Palace,https://europeancoffeetrip.com/cafe/theminerscoffeevictoriapalace-prague/,Vítězné nám. 1145/8,50.101675100,14.395595800,False,False,https://europeancoffeetrip.com/wp-content/uploads/city-guides/cafes/18567/victoria1.jpg,,,,2026-05-07T17:41:51+00:00,2026-05-07T17:41:51+00:00
prague,Kin & K Bakery,https://europeancoffeetrip.com/cafe/kinandkbakery-prague/,Korunní 1208/74,50.075311900,14.451220800,False,False,https://europeancoffeetrip.com/wp-content/uploads/city-guides/cafes/25373/img_9452.JPG,,,,2026-05-07T17:41:51+00:00,2026-05-07T17:41:51+00:00
prague,TISSE Bakery,https://europeancoffeetrip.com/cafe/laforme-krkonosska-prague/,Krkonošská 1667 /14,50.079865900,14.446810800,False,False,https://europeancoffeetrip.com/wp-content/uploads/city-guides/cafes/7714/109a1124.jpg,,,,2026-05-07T17:41:51+00:00,2026-05-07T17:41:51+00:00
prague,Café Jen,https://europeancoffeetrip.com/cafe/cafejen-prague/,Kodaňská 37,50.071433400,14.455954200,False,False,https://europeancoffeetrip.com/wp-content/uploads/city-guides/cafes/411/cafe-jen-prague-fb-1new.jpg,,,,2026-05-07T17:41:51+00:00,2026-05-07T17:41:51+00:00
prague,Cafefin,https://europeancoffeetrip.com/cafe/cafefin-prague/,nám. J. z Poděbrad 1407/4,50.078110900,14.448419000,False,False,https://europeancoffeetrip.com/wp-content/uploads/city-guides/cafes/941/cafefin-prague-22.jpg,,,,2026-05-07T17:41:51+00:00,2026-05-07T17:41:51+00:00
prague,Corner Stories,https://europeancoffeetrip.com/cafe/cornerstories-prague/,Estonská 460/13,50.071920700,14.452980700,False,False,https://europeancoffeetrip.com/wp-content/uploads/city-guides/cafes/29686/dsc_4240.jpeg,,,,2026-05-07T17:41:51+00:00,2026-05-07T17:41:51+00:00
prague,Ye's kafe | studio,https://europeancoffeetrip.com/cafe/yes-prague/,Letenské nám. 749/5,50.100331900,14.424311200,False,False,https://europeancoffeetrip.com/wp-content/uploads/city-guides/cafes/762/yes-prague-social-media-3.jpg,,,,2026-05-07T17:41:51+00:00,2026-05-07T17:41:51+00:00
prague,Café Nezisk,https://europeancoffeetrip.com/cafe/cafenezisk-prague/,Pohořelec 2,50.087580600,14.390284700,False,False,https://europeancoffeetrip.com/wp-content/uploads/city-guides/cafes/6576/nezisk.jpg,,,,2026-05-07T17:41:51+00:00,2026-05-07T17:41:51+00:00
prague,La Bohème Café,https://europeancoffeetrip.com/cafe/labohemecafe-prague/,Sázavská 2031/32,50.076763000,14.440858000,False,False,https://europeancoffeetrip.com/wp-content/uploads/city-guides/cafes/289/cafe-la-boheme-prague-social-media-4.jpg,,,,2026-05-07T17:41:51+00:00,2026-05-07T17:41:51+00:00
prague,Kavárna Čekárna,https://europeancoffeetrip.com/cafe/kavarnacekarna-prague/,Vratislavova 30/8,50.066847100,14.417539000,False,False,https://europeancoffeetrip.com/wp-content/uploads/city-guides/cafes/1349/cekarna-prague.jpg,,,,2026-05-07T17:41:51+00:00,2026-05-07T17:41:51+00:00
prague,KAAVA,https://europeancoffeetrip.com/cafe/kaava-prague/,Sokolovská 101,50.094679600,14.453455800,False,False,https://europeancoffeetrip.com/wp-content/uploads/city-guides/cafes/20029/kaava-shop_1737722180_3552593597313522749_9527502425.jpg,,,,2026-05-07T17:41:51+00:00,2026-05-07T17:41:51+00:00
prague,The Miners JZP,https://europeancoffeetrip.com/cafe/the-miners-coffee-prague/,Slavíkova 1611/5,50.078752700,14.448146200,False,False,https://europeancoffeetrip.com/wp-content/uploads/city-guides/cafes/1703/miners-coffee-character-prague5.JPG,,,,2026-05-07T17:41:51+00:00,2026-05-07T17:41:51+00:00
prague,two dots coffee & pastries,https://europeancoffeetrip.com/cafe/twodotscoffeepastries-prague/,Radhošťská 2004/5,50.078240000,14.456618300,False,False,https://europeancoffeetrip.com/wp-content/uploads/city-guides/cafes/5907/DSCF3288.jpg,,,,2026-05-07T17:41:51+00:00,2026-05-07T17:41:51+00:00
prague,The Miners Coffee Karlín,https://europeancoffeetrip.com/cafe/theminerscoffeekarlin-prague/,Sokolovská 130/52,50.092379800,14.444307800,False,False,https://europeancoffeetrip.com/wp-content/uploads/city-guides/cafes/30153/807a1888.jpg,,,,2026-05-07T17:41:51+00:00,2026-05-07T17:41:51+00:00
prague,Rest Cafe,https://europeancoffeetrip.com/cafe/restcafe-prague/,Jindřišská 2,50.082745000,14.426766400,False,False,https://europeancoffeetrip.com/wp-content/uploads/city-guides/cafes/11454/dsc_9958.jpg,,,,2026-05-07T17:41:51+00:00,2026-05-07T17:41:51+00:00
prague,SĪTÚ Coffee & Tea,https://europeancoffeetrip.com/cafe/situcoffeetea-prague/,Kozácká 1,50.071032200,14.444617900,False,False,https://europeancoffeetrip.com/wp-content/uploads/city-guides/cafes/5440/photo_2025-04-29_15-40-33.jpg,,,,2026-05-07T17:41:51+00:00,2026-05-07T17:41:51+00:00
prague,Kafe na zastávce,https://europeancoffeetrip.com/cafe/kafenazastavce-prague/,Dělnická 1151/57,50.103396400,14.453230400,False,False,https://europeancoffeetrip.com/wp-content/uploads/city-guides/cafes/2397/kafe-na-zastavce-prague-social-media-2.jpg,,,,2026-05-07T17:41:51+00:00,2026-05-07T17:41:51+00:00
prague,PROKOP coffee & croissants,https://europeancoffeetrip.com/cafe/prokopcoffeecroisants-prague/,Dlážděná 4,50.086584300,14.432321200,False,False,https://europeancoffeetrip.com/wp-content/uploads/city-guides/cafes/4098/e40a3722_fotiladammracek.JPG,,,,2026-05-07T17:41:51+00:00,2026-05-07T17:41:51+00:00
prague,NAKAFE místo,https://europeancoffeetrip.com/cafe/nakafemisto-prague/,K Rybníčku 8,50.125389800,14.577573600,False,False,https://europeancoffeetrip.com/wp-content/uploads/city-guides/cafes/27702/dsc00735.jpeg,,,,2026-05-07T17:41:51+00:00,2026-05-07T17:41:51+00:00
prague,GROUNDS L4,https://europeancoffeetrip.com/cafe/grounds-l4-prague/,Lázeňská 287/4,50.086866000,14.406219400,False,False,https://europeancoffeetrip.com/wp-content/uploads/city-guides/cafes/5147/grounds-l4-prague-owners-1.jpeg,,,,2026-05-07T17:41:51+00:00,2026-05-07T17:41:51+00:00
prague,Cafe Ebel,https://europeancoffeetrip.com/cafe/cafeebel-prague/,Kaprova 15/11,50.088199500,14.418346000,False,False,https://europeancoffeetrip.com/wp-content/uploads/city-guides/cafes/16466/image00022.jpeg,,,,2026-05-07T17:41:51+00:00,2026-05-07T17:41:51+00:00
prague,Hábovka Café & Víno,https://europeancoffeetrip.com/cafe/habovka-prague/,Hábova 2345,50.046780000,14.310544300,False,False,https://europeancoffeetrip.com/wp-content/uploads/city-guides/cafes/29063/img_3054.jpg,,,,2026-05-07T17:41:51+00:00,2026-05-07T17:41:51+00:00
prague,Kafe Kobylisy,https://europeancoffeetrip.com/cafe/kafekobylisy-prague/,"Kobyliské náměstí Vestibul stanice metra C Kobylisy, západní výstup",50.123731100,14.452232000,False,False,https://europeancoffeetrip.com/wp-content/uploads/city-guides/cafes/12556/img_5756.jpeg,,,,2026-05-07T17:41:51+00:00,2026-05-07T17:41:51+00:00
prague,Penguin Coffee Strašnice,https://europeancoffeetrip.com/cafe/penguincoffeestrasnice-prague/,V Olšinách 1270/78,50.071917000,14.489164900,False,False,https://europeancoffeetrip.com/wp-content/uploads/city-guides/cafes/30992/kavarna-uvnitr.jpg,,,,2026-05-07T17:41:51+00:00,2026-05-07T17:41:51+00:00
prague,Solo Bakery,https://europeancoffeetrip.com/cafe/solobakery-prague/,Bělehradská 66,50.070432100,14.433209400,False,False,https://europeancoffeetrip.com/wp-content/uploads/city-guides/cafes/19162/solobakeryprg_1733729734_3519102536642166559_70857114212.jpg,,,,2026-05-07T17:41:51+00:00,2026-05-07T17:41:51+00:00
prague,Polibek Café,https://europeancoffeetrip.com/cafe/polibek-prague/,Kafkova 580/26,50.099071600,14.395994400,False,False,https://europeancoffeetrip.com/wp-content/uploads/city-guides/cafes/18771/img_20241127_124315_239.jpg,,,,2026-05-07T17:41:51+00:00,2026-05-07T17:41:51+00:00
prague,FofrKafe - SOUKENDA,https://europeancoffeetrip.com/cafe/fofrkafe-prague/,Soukenická 1193/15,50.091312800,14.429981200,False,False,https://europeancoffeetrip.com/wp-content/uploads/city-guides/cafes/2396/fofrkafe-prague-social-media.jpg,,,,2026-05-07T17:41:51+00:00,2026-05-07T17:41:51+00:00
prague,VNITROBLOCK,https://europeancoffeetrip.com/cafe/vnitroblock-prague/,Tusarova 791/31,50.101951000,14.449331000,False,False,https://europeancoffeetrip.com/wp-content/uploads/city-guides/cafes/1855/vnitroblock-prague-social-media.jpg,,,,2026-05-07T17:41:51+00:00,2026-05-07T17:41:51+00:00
prague,May cafe,https://europeancoffeetrip.com/cafe/maycafe-prague/,U Kanálky 1559/5,50.077591000,14.445912600,False,False,https://europeancoffeetrip.com/wp-content/uploads/city-guides/cafes/17234/2024-07-03.jpg,,,,2026-05-07T17:41:51+00:00,2026-05-07T17:41:51+00:00
prague,The Miners Bakery,https://europeancoffeetrip.com/cafe/theminers-bakery-prague/,Sokolovská 713,50.096382500,14.460676600,False,False,https://europeancoffeetrip.com/wp-content/uploads/city-guides/cafes/9703/img_0486.JPG,,,,2026-05-07T17:41:51+00:00,2026-05-07T17:41:51+00:00
prague,La Bohème Café,https://europeancoffeetrip.com/cafe/laboheme-svihanice-prague/,Na Švihance 1,50.080487400,14.444585500,False,False,https://europeancoffeetrip.com/wp-content/uploads/city-guides/cafes/7563/img_2765-1.jpeg,,,,2026-05-07T17:41:51+00:00,2026-05-07T17:41:51+00:00
prague,mamacoffee Jaromírova,https://europeancoffeetrip.com/cafe/mamacoffee-jaromirova-prague/,Jaromírova 576/34,50.064891800,14.428977900,False,False,https://europeancoffeetrip.com/wp-content/uploads/city-guides/cafes/6575/mamacoffee-jaromirova-prague-owners-33.jpeg,,,,2026-05-07T17:41:51+00:00,2026-05-07T17:41:51+00:00
prague,Space Cafe,https://europeancoffeetrip.com/cafe/spacecafe-prague/,Stroupežnického 3191/17,50.070166700,14.402705900,False,False,https://europeancoffeetrip.com/wp-content/uploads/city-guides/cafes/8993/spacecafeandel-339606748_2542521756047413_5928063044972853529_n.jpg,,,,2026-05-07T17:41:51+00:00,2026-05-07T17:41:51+00:00
prague,Dos Mundos Cafe,https://europeancoffeetrip.com/cafe/dosmundoscafe-prague/,M. Horákové 600/38,50.099914600,14.427916300,False,False,https://europeancoffeetrip.com/wp-content/uploads/city-guides/cafes/213/dos_mundos_12_2016_1.jpg,,,,2026-05-07T17:41:51+00:00,2026-05-07T17:41:51+00:00
prague,The Miners Roastery,https://europeancoffeetrip.com/cafe/theminers-roastery-prague/,"DOCK, Boudníkova 11",50.103961400,14.465987400,False,False,https://europeancoffeetrip.com/wp-content/uploads/city-guides/cafes/9762/dsc_2204.jpg,,,,2026-05-07T17:41:51+00:00,2026-05-07T17:41:51+00:00
prague,Šodó,https://europeancoffeetrip.com/cafe/sodo-prague/,Wuchterlova 1,50.097466900,14.397575000,False,False,https://europeancoffeetrip.com/wp-content/uploads/city-guides/cafes/7773/328509578_1353070072116214_5535769839536843894_n23.jpg,,,,2026-05-07T17:41:51+00:00,2026-05-07T17:41:51+00:00
prague,Kofyka Espresso Bar,https://europeancoffeetrip.com/cafe/kofykaespressobar-prague/,Želetavská 1525/1,50.049025000,14.453253700,False,False,https://europeancoffeetrip.com/wp-content/uploads/city-guides/cafes/30827/1774530482312.jpg,,,,2026-05-07T17:41:51+00:00,2026-05-07T17:41:51+00:00
prague,Typhoon Coffee,https://europeancoffeetrip.com/cafe/typhooncoffee-prague/,Vršovická 627/55,50.068425700,14.464740900,False,False,https://europeancoffeetrip.com/wp-content/uploads/city-guides/cafes/2379/Visiting_Typhoon_iPhone_Photo_IMG_2970.jpg,,,,2026-05-07T17:41:51+00:00,2026-05-07T17:41:51+00:00
prague,Parlor Café,https://europeancoffeetrip.com/cafe/parlorcafe-prague/,Křižíkova 197/37,50.091235100,14.444723800,False,False,https://europeancoffeetrip.com/wp-content/uploads/city-guides/cafes/13398/302193140_493561926107214_4597868828187596690_n.jpg,,,,2026-05-07T17:41:51+00:00,2026-05-07T17:41:51+00:00
prague,GRØN,https://europeancoffeetrip.com/cafe/gronbistro-prague/,"Anglická 336/21, Vinohrady",50.076479200,14.434127100,False,False,https://europeancoffeetrip.com/wp-content/uploads/city-guides/cafes/25012/dsc07739.jpg,,,,2026-05-07T17:41:51+00:00,2026-05-07T17:41:51+00:00
prague,Pan Buchta,https://europeancoffeetrip.com/cafe/panbuchta-prague/,Běluňská 11,50.112713500,14.617595000,False,False,https://europeancoffeetrip.com/wp-content/uploads/city-guides/cafes/15776/img_2498.JPG,,,,2026-05-07T17:41:51+00:00,2026-05-07T17:41:51+00:00
prague,Kaférna,https://europeancoffeetrip.com/cafe/kaferna-prague/,"Nerudova 32, Malá Strana",50.088605100,14.398646900,False,False,https://europeancoffeetrip.com/wp-content/uploads/city-guides/cafes/14748/kafernapraha.jpg,,,,2026-05-07T17:41:51+00:00,2026-05-07T17:41:51+00:00
prague,Kafe Karlin,https://europeancoffeetrip.com/cafe/kafekarlin-prague/,Sokolovská 46/51,50.092895675,14.445793033,False,False,https://europeancoffeetrip.com/wp-content/uploads/city-guides/cafes/225/kavovyklub_1729142651_3480623293544912866_1106173770.jpg,,,,2026-05-07T17:41:51+00:00,2026-05-07T17:41:51+00:00
prague,Ty kávo!,https://europeancoffeetrip.com/cafe/tykavo-prague/,J. Plachty 3163/28,50.070528000,14.405945500,False,False,https://europeancoffeetrip.com/wp-content/uploads/city-guides/cafes/2552/ty-kavo-prague-social-media.jpg,,,,2026-05-07T17:41:51+00:00,2026-05-07T17:41:51+00:00
prague,SMPL project - Coffee&Cuts,https://europeancoffeetrip.com/cafe/smplcoffee-prague/,Rašínovo nábř. 1696/66,50.073901600,14.414101700,False,False,https://europeancoffeetrip.com/wp-content/uploads/city-guides/cafes/16865/dscf7086.jpeg,,,,2026-05-07T17:41:51+00:00,2026-05-07T17:41:51+00:00
prague,Srnky Sázavská,https://europeancoffeetrip.com/cafe/mezisrnky-prague/,Sázavská 19,50.075861600,14.440404100,False,False,https://europeancoffeetrip.com/wp-content/uploads/city-guides/cafes/241/mezi-srnky-prague-social-media-3.jpg,,,,2026-05-07T17:41:51+00:00,2026-05-07T17:41:51+00:00
prague,mamacoffee Vodičkova,https://europeancoffeetrip.com/cafe/mamacoffee-vodickova-prague/,"Vodičkova 674, Nové Město",50.078497000,14.421844400,False,False,https://europeancoffeetrip.com/wp-content/uploads/city-guides/cafes/6266/minor-1.jpg,,,,2026-05-07T17:41:51+00:00,2026-05-07T17:41:51+00:00
prague,EMA espresso bar,https://europeancoffeetrip.com/cafe/emaespressobar-karlin-prague/,"Thámova, Křižíkova 289/13",50.092441500,14.451552100,False,False,https://europeancoffeetrip.com/wp-content/uploads/city-guides/cafes/2221/ema-karlin-prague-social-media-5.jpg,,,,2026-05-07T17:41:51+00:00,2026-05-07T17:41:51+00:00
prague,Ticho před bouří,https://europeancoffeetrip.com/cafe/tichopredbouri-prague/,M. Horákové 48,50.100037100,14.426442600,False,False,https://europeancoffeetrip.com/wp-content/uploads/city-guides/cafes/21668/2025-03-19.jpg,,,,2026-05-07T17:41:51+00:00,2026-05-07T17:41:51+00:00
prague,Klub Petrohradská,https://europeancoffeetrip.com/cafe/kliubpetrohradska-prague/,Petrohradská 438/13,50.064950700,14.452327500,False,False,https://europeancoffeetrip.com/wp-content/uploads/city-guides/cafes/6645/fullsizerender-2.jpeg,,,,2026-05-07T17:41:51+00:00,2026-05-07T17:41:51+00:00
prague,Mugshot Coffee,https://europeancoffeetrip.com/cafe/mugshotcoffee-prague/,Lucemburská 2175/22,50.078868300,14.454834000,False,False,https://europeancoffeetrip.com/wp-content/uploads/city-guides/cafes/3236/mugshot-google-prague.jpeg,,,,2026-05-07T17:41:51+00:00,2026-05-07T17:41:51+00:00
prague,EFSY,https://europeancoffeetrip.com/cafe/efsy-prague/,Seifertova 570/55,50.084939400,14.446799900,False,False,https://europeancoffeetrip.com/wp-content/uploads/city-guides/cafes/17547/434481725_3368432663461199_2127416009858188648_n.jpg,,,,2026-05-07T17:41:51+00:00,2026-05-07T17:41:51+00:00
prague,TYPIKA Karlín,https://europeancoffeetrip.com/cafe/grounds-s16-prague/,Šaldova 419/16,50.093055200,14.455916200,False,False,https://europeancoffeetrip.com/wp-content/uploads/city-guides/cafes/2378/typika-coffee_1755679500_3702796249006707240_7512269465.jpg,,,,2026-05-07T17:41:51+00:00,2026-05-07T17:41:51+00:00
prague,Coffee Source Francouzská,https://europeancoffeetrip.com/cafe/coffeesourcefrancouzska-prague/,Francouzská 156/106,50.071805000,14.449521000,False,False,https://europeancoffeetrip.com/wp-content/uploads/city-guides/cafes/1788/coffee-source-francouzska-praha-social-media.jpg,,,,2026-05-07T17:41:51+00:00,2026-05-07T17:41:51+00:00
prague,Acid Coffee,https://europeancoffeetrip.com/cafe/acidcoffee-prague/,Dukelských Hrdinů 25,50.098349300,14.432980700,False,False,https://europeancoffeetrip.com/wp-content/uploads/city-guides/cafes/2220/acidcoffee-2025-04-03.jpeg,,,,2026-05-07T17:41:51+00:00,2026-05-07T17:41:51+00:00
prague,Etapa,https://europeancoffeetrip.com/cafe/etapa-prague/,Urxova 479/6,50.094534900,14.457814500,False,False,https://europeancoffeetrip.com/wp-content/uploads/city-guides/cafes/2193/etapa-praha-social-media.jpg,,,,2026-05-07T17:41:51+00:00,2026-05-07T17:41:51+00:00
prague,Kiosek Dejvice,https://europeancoffeetrip.com/cafe/kafekiosek-prague/,Evropská x Šolínova,50.100655400,14.392351400,False,False,https://europeancoffeetrip.com/wp-content/uploads/city-guides/cafes/1951/img_7369.jpg,,,,2026-05-07T17:41:51+00:00,2026-05-07T17:41:51+00:00
prague,Café Truhlárna,https://europeancoffeetrip.com/cafe/cafetruhlarna-prague/,Jungmannovo nám. 751/19,50.082435300,14.423225200,False,False,https://europeancoffeetrip.com/wp-content/uploads/city-guides/cafes/1893/truhlarna-02.jpg,,,,2026-05-07T17:41:51+00:00,2026-05-07T17:41:51+00:00
prague,Cafe & pastry Luka,https://europeancoffeetrip.com/cafe/pastryluka-prague/,Mukařovského 1985,50.045021000,14.321715900,False,False,https://europeancoffeetrip.com/wp-content/uploads/city-guides/cafes/10177/FFBF1612-8869-47A9-8FAB-7C76B8570E35.jpeg,,,,2026-05-07T17:41:51+00:00,2026-05-07T17:41:51+00:00
prague,Tvoje máma,https://europeancoffeetrip.com/cafe/tvojemama-prague/,Slovinská 1052,50.069131900,14.457970900,False,False,https://europeancoffeetrip.com/wp-content/uploads/city-guides/cafes/1284/tvoje-mama-prague-social-media.jpg,,,,2026-05-07T17:41:51+00:00,2026-05-07T17:41:51+00:00
prague,mamacoffee Londýnská,https://europeancoffeetrip.com/cafe/mamacoffee-londynska-prague/,"Londýnská 122/49, Vinohrady",50.074053200,14.433790400,False,False,https://europeancoffeetrip.com/wp-content/uploads/city-guides/cafes/6574/mamacoffee-londynska-prague-owners-1.jpeg,,,,2026-05-07T17:41:51+00:00,2026-05-07T17:41:51+00:00
prague,Národní 38,https://europeancoffeetrip.com/cafe/narodni38-prague/,Národní 38,50.082615500,14.421277700,False,False,https://europeancoffeetrip.com/wp-content/uploads/city-guides/cafes/2278/narodni-38-prague-social-media-3.jpg,,,,2026-05-07T17:41:51+00:00,2026-05-07T17:41:51+00:00
prague,Tvaroh,https://europeancoffeetrip.com/cafe/tvaroh-prague/,Šmeralova 272/22,50.101724500,14.422300400,False,False,https://europeancoffeetrip.com/wp-content/uploads/city-guides/cafes/9192/tvaroh-praha-socialmedia-4.jpeg,,,,2026-05-07T17:41:51+00:00,2026-05-07T17:41:51+00:00
prague,espresso.point,https://europeancoffeetrip.com/cafe/espressopoint-prague/,Slezská 2292,50.077172000,14.465735400,False,False,https://europeancoffeetrip.com/wp-content/uploads/city-guides/cafes/29087/_dsf7810.jpg,,,,2026-05-07T17:41:51+00:00,2026-05-07T17:41:51+00:00
prague,Kolacherie,https://europeancoffeetrip.com/cafe/kolacherie-prague/,Celetná 589/27,50.087272400,14.425826900,False,False,https://europeancoffeetrip.com/wp-content/uploads/city-guides/cafes/11962/2023-03-07.jpg,,,,2026-05-07T17:41:51+00:00,2026-05-07T17:41:51+00:00
prague,mamacoffee Jiřího z Poděbrad,https://europeancoffeetrip.com/cafe/mamacoffee-jzpodebrad-prague/,nám. J. z Poděbrad 12,50.078684700,14.451179800,False,False,https://europeancoffeetrip.com/wp-content/uploads/city-guides/cafes/5734/mamacoffee-jzpodebrad-prague-owners.jpeg,,,,2026-05-07T17:41:51+00:00,2026-05-07T17:41:51+00:00
prague,Ty jámo!,https://europeancoffeetrip.com/cafe/tyjamo-prague/,V Jámě 8,50.079975200,14.424941100,False,False,https://europeancoffeetrip.com/wp-content/uploads/city-guides/cafes/28974/img_7081.jpeg,,,,2026-05-07T17:41:51+00:00,2026-05-07T17:41:51+00:00
prague,300km coffee and bakery,https://europeancoffeetrip.com/cafe/300km-prague/,Havlíčkovo nám. 112/4,50.085318800,14.455016900,False,False,https://europeancoffeetrip.com/wp-content/uploads/city-guides/cafes/19735/300km-batch3-fs-57.jpg,,,,2026-05-07T17:41:51+00:00,2026-05-07T17:41:51+00:00
prague,Coffee Room Korunní,https://europeancoffeetrip.com/cafe/coffeeroom-prague/,Korunní 1208/74,50.075215076,14.451213777,False,False,https://europeancoffeetrip.com/wp-content/uploads/city-guides/cafes/108/dsc03993-2.jpeg,,,,2026-05-07T17:41:51+00:00,2026-05-07T17:41:51+00:00
prague,"25,2 rpm",https://europeancoffeetrip.com/cafe/252rpm-prague/,M. Horákové 27,50.099447200,14.429268300,False,False,https://europeancoffeetrip.com/wp-content/uploads/city-guides/cafes/13735/252rpm-prague-google-2023-09-19.jpg,,,,2026-05-07T17:41:51+00:00,2026-05-07T17:41:51+00:00
prague,Coffee and Riot,https://europeancoffeetrip.com/cafe/coffeeandriot-prague/,"Opatovická 159/17, Nové Město",50.079753500,14.418314100,False,False,https://europeancoffeetrip.com/wp-content/uploads/city-guides/cafes/1156/ECT_Prague_Coffee_And_Riot-2.jpg,,,,2026-05-07T17:41:51+00:00,2026-05-07T17:41:51+00:00
prague,Bistro Karel,https://europeancoffeetrip.com/cafe/bistrokarel-prague/,U Trojského zámku 2/6,50.115007800,14.411515600,False,False,https://europeancoffeetrip.com/wp-content/uploads/city-guides/cafes/13106/150649_a2497defba384c42b513923f9e6f8115-mv2.jpg,,,,2026-05-07T17:41:51+00:00,2026-05-07T17:41:51+00:00
prague,The Miners Port7,https://europeancoffeetrip.com/cafe/theminerscoffeeport-prague/,Partyzánská 18/23,50.111253000,14.439534900,False,False,https://europeancoffeetrip.com/wp-content/uploads/city-guides/cafes/18569/port71.jpg,,,,2026-05-07T17:41:51+00:00,2026-05-07T17:41:51+00:00
prague,The Miners Churchill,https://europeancoffeetrip.com/cafe/theminerschurchill-prague/,Italská 2584/69,50.084687800,14.440280400,False,False,https://europeancoffeetrip.com/wp-content/uploads/city-guides/cafes/2189/dsc_5527.jpg,,,,2026-05-07T17:41:51+00:00,2026-05-07T17:41:51+00:00
prague,Zrno zrnko,https://europeancoffeetrip.com/cafe/zrnozrnko-prague/,Čestmírova 17a,50.064383300,14.443537100,False,False,https://europeancoffeetrip.com/wp-content/uploads/city-guides/cafes/3547/2021-09-29.jpg,,,,2026-05-07T17:41:51+00:00,2026-05-07T17:41:51+00:00
prague,Format Espresso Bar,https://europeancoffeetrip.com/cafe/format-prague/,M. Horákové 26,50.099629200,14.429385000,False,False,https://europeancoffeetrip.com/wp-content/uploads/city-guides/cafes/2222/format-coffee-prague-35.jpg,,,,2026-05-07T17:41:51+00:00,2026-05-07T17:41:51+00:00
prague,Ruelto Café,https://europeancoffeetrip.com/cafe/rueltocafe-prague/,Nádražní 44/86,50.068878200,14.406286300,False,False,https://europeancoffeetrip.com/wp-content/uploads/city-guides/cafes/27480/img_3482.jpeg,,,,2026-05-07T17:41:51+00:00,2026-05-07T17:41:51+00:00
prague,The Miners Old Town,https://europeancoffeetrip.com/cafe/theminerszelezna-prague/,Železná 490/14,50.086382100,14.421818100,False,False,https://europeancoffeetrip.com/wp-content/uploads/city-guides/cafes/3321/theminerszelezna-prague-socialmedia.jpeg,,,,2026-05-07T17:41:51+00:00,2026-05-07T17:41:51+00:00
prague,crunch,https://europeancoffeetrip.com/cafe/crunch-prague/,Sladkovského nám. 309/6,50.084389200,14.451218500,False,False,https://europeancoffeetrip.com/wp-content/uploads/city-guides/cafes/12511/a3cc23ef-dfde-4cdc-b91a-293e7e2502c0.jpeg,,,,2026-05-07T17:41:51+00:00,2026-05-07T17:41:51+00:00
prague,Cafe Alegre,https://europeancoffeetrip.com/cafe/cafealegre-prague/,Karla Engliše 2,50.070183800,14.402130800,False,False,https://europeancoffeetrip.com/wp-content/uploads/city-guides/cafes/2676/cafealegre-prague-socialmedia-1.jpeg,,,,2026-05-07T17:41:51+00:00,2026-05-07T17:41:51+00:00
prague,Ademi shop & café,https://europeancoffeetrip.com/cafe/ademishopandcafe-prague/,Bachmačské nám. 7,50.097794200,14.399824000,False,False,https://europeancoffeetrip.com/wp-content/uploads/city-guides/cafes/22975/ademi__prostor_24_12_ademi_shop_40453_websize.jpg,,,,2026-05-07T17:41:51+00:00,2026-05-07T17:41:51+00:00
prague,Osada,https://europeancoffeetrip.com/cafe/osada-prague/,Osadní 35,50.104451000,14.446614000,False,False,https://europeancoffeetrip.com/wp-content/uploads/city-guides/cafes/1722/IMG_8454.jpeg,,,,2026-05-07T17:41:51+00:00,2026-05-07T17:41:51+00:00
prague,Wild Cafe,https://europeancoffeetrip.com/cafe/wild-prague/,Záhřebská 634/13,50.071734900,14.436058300,False,False,https://europeancoffeetrip.com/wp-content/uploads/city-guides/cafes/14228/5965b4d2-7b28-4c65-a151-b5f8f2b57c8d.JPEG,,,,2026-05-07T17:41:51+00:00,2026-05-07T17:41:51+00:00
prague,Kafe Oliva,https://europeancoffeetrip.com/cafe/kafeoliva-prague/,Pikrtova 1321/1,50.051639500,14.441422600,False,False,https://europeancoffeetrip.com/wp-content/uploads/city-guides/cafes/18858/img_2899.jpeg,,,,2026-05-07T17:41:51+00:00,2026-05-07T17:41:51+00:00
prague,CAFE TONE,https://europeancoffeetrip.com/cafe/cafetone-prague/,Lidická 20,50.072539600,14.407398000,False,False,https://europeancoffeetrip.com/wp-content/uploads/city-guides/cafes/2652/cafetone-prague-socialmedia-04.jpg,,,,2026-05-07T17:41:51+00:00,2026-05-07T17:41:51+00:00
prague,Spižírna 1902,https://europeancoffeetrip.com/cafe/spizirna1902-prague/,"Korunní 86, Vinohrady",50.075279100,14.452696600,False,False,https://europeancoffeetrip.com/wp-content/uploads/city-guides/cafes/2788/dsc_7510.jpg,,,,2026-05-07T17:41:51+00:00,2026-05-07T17:41:51+00:00
prague,Srnky Smíchov,https://europeancoffeetrip.com/cafe/mezisrnkysmichov-prague/,Arbesovo nám. 7,50.076208500,14.404413900,False,False,https://europeancoffeetrip.com/wp-content/uploads/city-guides/cafes/4148/arbe.jpg,,,,2026-05-07T17:41:51+00:00,2026-05-07T17:41:51+00:00
prague,Kookie Prague,https://europeancoffeetrip.com/cafe/kookie-prague/,"Ostrovní 124/21, Nové Město",50.081036900,14.418652000,False,False,https://europeancoffeetrip.com/wp-content/uploads/city-guides/cafes/2612/kookie-prague-socialmedia.jpeg,,,,2026-05-07T17:41:51+00:00,2026-05-07T17:41:51+00:00
prague,eM3 Coffee,https://europeancoffeetrip.com/cafe/em3coffee-barrandov-prague/,Geologická 1225/25,50.035425900,14.386745200,False,False,https://europeancoffeetrip.com/wp-content/uploads/city-guides/cafes/21192/em3coffee-barrandov-google.jpeg,,,,2026-05-07T17:41:51+00:00,2026-05-07T17:41:51+00:00
prague,Kafe Atrium,https://europeancoffeetrip.com/cafe/kafeatrium-prague/,Čajkovského 12/12a,50.081971900,14.453041700,False,False,https://europeancoffeetrip.com/wp-content/uploads/city-guides/cafes/6240/img_6463.JPG,,,,2026-05-07T17:41:51+00:00,2026-05-07T17:41:51+00:00
prague,Cafe KávOkno,https://europeancoffeetrip.com/cafe/cafekavokno-prague/,"Ostrovní 132, Nové Město",50.080820600,14.418151100,False,False,https://europeancoffeetrip.com/wp-content/uploads/city-guides/cafes/4837/d0d1096e-848e-4090-9f0c-d47e770f798d.JPG,,,,2026-05-07T17:41:51+00:00,2026-05-07T17:41:51+00:00
prague,Kavárna Dejvického divadla,https://europeancoffeetrip.com/cafe/kavarnadejvickehodivadla-prague/,Zelená 1084/15,50.106767500,14.393172100,False,False,https://europeancoffeetrip.com/wp-content/uploads/city-guides/cafes/10809/img_1792.jpeg,,,,2026-05-07T17:41:51+00:00,2026-05-07T17:41:51+00:00
prague,An bistro - ăn quán,https://europeancoffeetrip.com/cafe/anbistro-prague/,Dejvická 317/8,50.098009500,14.403530800,False,False,https://europeancoffeetrip.com/wp-content/uploads/city-guides/cafes/24955/an-bistro-cafe_1741187529_3581663055323545874_52368564336.jpg,,,,2026-05-07T17:41:51+00:00,2026-05-07T17:41:51+00:00
prague,TYPIKA Holešovice,https://europeancoffeetrip.com/cafe/typika-holesovice-prague/,Jankovcova 16e,50.108555200,14.453915400,False,False,https://europeancoffeetrip.com/wp-content/uploads/city-guides/cafes/16094/typika-prague-honza-2024.JPG,,,,2026-05-07T17:41:51+00:00,2026-05-07T17:41:51+00:00
prague,Project FOX,https://europeancoffeetrip.com/cafe/projectfox-prague/,Koněvova 215,50.092787100,14.489066800,False,False,https://europeancoffeetrip.com/wp-content/uploads/city-guides/cafes/2483/IMG_8768.jpg,,,,2026-05-07T17:41:51+00:00,2026-05-07T17:41:51+00:00
prague,EDISON FilmHub,https://europeancoffeetrip.com/cafe/edisonfilmhub-prague/,Jeruzalémská 1321/2,50.084803700,14.431382400,False,False,https://europeancoffeetrip.com/wp-content/uploads/city-guides/cafes/2194/edison-prague-social-media-3.jpg,,,,2026-05-07T17:41:51+00:00,2026-05-07T17:41:51+00:00
prague,Kafe v Klidu,https://europeancoffeetrip.com/cafe/kafevklidu-prague/,"V Jirchářích 149/6, Nové Město",50.079949900,14.416128700,False,False,https://europeancoffeetrip.com/wp-content/uploads/city-guides/cafes/6079/img_0110.jpeg,,,,2026-05-07T17:41:51+00:00,2026-05-07T17:41:51+00:00
prague,Vila 63,https://europeancoffeetrip.com/cafe/vila63-prague/,Hradešínská 1930/63,50.074175700,14.460095300,False,False,https://europeancoffeetrip.com/wp-content/uploads/city-guides/cafes/15053/czechdesign-cz_1715253337_3364111284452471242_1921040277.jpg,,,,2026-05-07T17:41:51+00:00,2026-05-07T17:41:51+00:00
prague,ALMA Café,https://europeancoffeetrip.com/cafe/almacafe-prague/,"V Jirchářích 150/8, Nové Město 110 00",50.080080700,14.416560400,False,False,https://europeancoffeetrip.com/wp-content/uploads/city-guides/cafes/14149/alma-prague-kavarna-interier.jpg,,,,2026-05-07T17:41:51+00:00,2026-05-07T17:41:51+00:00
prague,Coffee Room Celetná,https://europeancoffeetrip.com/cafe/coffeeroom-celetna-prague/,Celetná 558/12,50.087141300,14.423315100,False,False,https://europeancoffeetrip.com/wp-content/uploads/city-guides/cafes/15376/8d603d47-4caa-43be-9c16-af58764d8d44.jpeg,,,,2026-05-07T17:41:51+00:00,2026-05-07T17:41:51+00:00
prague,Bistro Palačinka,https://europeancoffeetrip.com/cafe/bistropalacinka-prague/,Slavíkova 1562/4,50.078727600,14.448648100,False,False,https://europeancoffeetrip.com/wp-content/uploads/city-guides/cafes/22037/img_0490.jpeg,,,,2026-05-07T17:41:51+00:00,2026-05-07T17:41:51+00:00
prague,Cafe Spirit,https://europeancoffeetrip.com/cafe/cafespirit-prague/,Basilejské nám. 1,50.087007400,14.468974900,False,False,https://europeancoffeetrip.com/wp-content/uploads/city-guides/cafes/29249/spirit.jpg,,,,2026-05-07T17:41:51+00:00,2026-05-07T17:41:51+00:00
prague,Eska,https://europeancoffeetrip.com/cafe/eska-prague/,Pernerova 49,50.091381700,14.454573900,False,False,https://europeancoffeetrip.com/wp-content/uploads/city-guides/cafes/365/eska_karlin_1690786706_3158870303004853578_2108142284.jpg,,,,2026-05-07T17:41:51+00:00,2026-05-07T17:41:51+00:00
prague,Space Cafe,https://europeancoffeetrip.com/cafe/spacecafe-karlin-prague/,Thámova 136/8,50.091620800,14.453009600,False,False,https://europeancoffeetrip.com/wp-content/uploads/city-guides/cafes/27914/525493733_17854534053489140_2413201145946376913_n.jpg,,,,2026-05-07T17:41:51+00:00,2026-05-07T17:41:51+00:00
prague,Krušný kafe,https://europeancoffeetrip.com/cafe/krusnykafe-prague/,Bořivojova 15,50.080403400,14.454314300,False,False,https://europeancoffeetrip.com/wp-content/uploads/city-guides/cafes/28699/img_0671.JPG,,,,2026-05-07T17:41:51+00:00,2026-05-07T17:41:51+00:00
prague,TYPIKA Espresso Bar,https://europeancoffeetrip.com/cafe/typika-kodanska-prague/,Kodaňská 656/24,50.070666900,14.458854100,False,False,https://europeancoffeetrip.com/wp-content/uploads/city-guides/cafes/4097/typika-coffee-kodanska-prague-2023-ig-3.jpg,,,,2026-05-07T17:41:51+00:00,2026-05-07T17:41:51+00:00
prague,Go Francin,https://europeancoffeetrip.com/cafe/gofrancin-prague/,Nádražní 3385/9a,50.068086300,14.406579900,False,False,https://europeancoffeetrip.com/wp-content/uploads/city-guides/cafes/13317/gofrancin_1703249516_3263415932679171265_57787643495.jpg,,,,2026-05-07T17:41:51+00:00,2026-05-07T17:41:51+00:00
prague,TYPIKA Nusle,https://europeancoffeetrip.com/cafe/typika-prague/,Svatoslavova 319/21,50.062084700,14.442726900,False,False,https://europeancoffeetrip.com/wp-content/uploads/city-guides/cafes/1331/typika-prague-social-media.jpg,,,,2026-05-07T17:41:51+00:00,2026-05-07T17:41:51+00:00
prague,Čistírna1906,https://europeancoffeetrip.com/cafe/cistirna-prague/,,50.110334200,14.402413300,False,False,https://europeancoffeetrip.com/wp-content/uploads/city-guides/cafes/20436/cistirna1906_1735318774_3532432370322966517_68512289008.jpg,,,,2026-05-07T17:41:51+00:00,2026-05-07T17:41:51+00:00
prague,Ala Coffee,https://europeancoffeetrip.com/cafe/alacoffee-prague/,K Žižkovu 495/8,50.101719000,14.503410100,False,False,https://europeancoffeetrip.com/wp-content/uploads/city-guides/cafes/27498/alacaffeelyra_20200805_172544_8398.jpg,,,,2026-05-07T17:41:51+00:00,2026-05-07T17:41:51+00:00
prague,Ye’s kafe | wine,https://europeancoffeetrip.com/cafe/yeskafe-karlin-prague/,Za Karlínským přístavem 699/18,50.096377100,14.451696700,False,False,https://europeancoffeetrip.com/wp-content/uploads/city-guides/cafes/22063/466682295_18026399417439467_5197135830071532358_n.jpg,,,,2026-05-07T17:41:51+00:00,2026-05-07T17:41:51+00:00
prague,Cafe Hrnek,https://europeancoffeetrip.com/cafe/cafehrnek-prague/,Veletržní 839/49,50.101128300,14.428218100,False,False,https://europeancoffeetrip.com/wp-content/uploads/city-guides/cafes/2360/ECT_Prague_Cafe_Hrnek_iphone-2.jpg,,,,2026-05-07T17:41:51+00:00,2026-05-07T17:41:51+00:00
prague,Kro Coffee,https://europeancoffeetrip.com/cafe/krocoffee-prague/,Vinohradská 66,50.077128500,14.450796100,False,False,https://europeancoffeetrip.com/wp-content/uploads/city-guides/cafes/2393/kro-coffee-prague-social-media.jpg,,,,2026-05-07T17:41:51+00:00,2026-05-07T17:41:51+00:00
prague,Objekt kafe,https://europeancoffeetrip.com/cafe/objektkafe-prague/,Branická 224/73,50.035367900,14.414611000,False,False,https://europeancoffeetrip.com/wp-content/uploads/city-guides/cafes/21136/img_1810.png,,,,2026-05-07T17:41:51+00:00,2026-05-07T17:41:51+00:00
prague,Votre plaisir,https://europeancoffeetrip.com/cafe/voltreplaisir-prague/,"Klimentská 1246/1, Nové Město",50.091545900,14.428084400,False,False,https://europeancoffeetrip.com/wp-content/uploads/city-guides/cafes/6290/voltreplaisir-google-2022-11-04.jpg,,,,2026-05-07T17:41:51+00:00,2026-05-07T17:41:51+00:00
prague,The Miners Charles Bridge,https://europeancoffeetrip.com/cafe/theminers-charlesbridge-prague/,Lázeňská 282/19,50.087193300,14.406001100,False,False,https://europeancoffeetrip.com/wp-content/uploads/city-guides/cafes/12308/the-miners-charles-bridge.jpg,,,,2026-05-07T17:41:51+00:00,2026-05-07T17:41:51+00:00
prague,DABOV Specialty Coffee Prague,https://europeancoffeetrip.com/cafe/dabov-prague/,Perlová 4,50.083633700,14.420972700,False,False,https://europeancoffeetrip.com/wp-content/uploads/city-guides/cafes/11077/dabov-coffee-cz_1649407229_2811754091937509371_5850457577.jpeg,,,,2026-05-07T17:41:51+00:00,2026-05-07T17:41:51+00:00
prague,Anmi cafe,https://europeancoffeetrip.com/cafe/anmicafe-prague/,Čílova 304/9,50.089106300,14.346622100,False,False,https://europeancoffeetrip.com/wp-content/uploads/city-guides/cafes/28606/2025-06-23.jpg,,,,2026-05-07T17:41:51+00:00,2026-05-07T17:41:51+00:00
prague,Tusculum coffee point,https://europeancoffeetrip.com/cafe/tusculum-prague/,Chittussiho 144,50.107047600,14.401293200,False,False,https://europeancoffeetrip.com/wp-content/uploads/city-guides/cafes/20437/img_5423.JPG,,,,2026-05-07T17:41:51+00:00,2026-05-07T17:41:51+00:00
prague,TISSE Bakery,https://europeancoffeetrip.com/cafe/tisse-nuselska-prague/,"Nuselská 53, Nusle",50.061079600,14.447874500,False,False,https://europeancoffeetrip.com/wp-content/uploads/city-guides/cafes/8031/img_9631.JPG,,,,2026-05-07T17:41:51+00:00,2026-05-07T17:41:51+00:00
prague,Cukrárna Myšák,https://europeancoffeetrip.com/cafe/cukrarnamysak-prague/,Vodičkova 31,50.081255700,14.424709900,False,False,https://europeancoffeetrip.com/wp-content/uploads/city-guides/cafes/1045/cukrarna-mysak-1.jpg,,,,2026-05-07T17:41:51+00:00,2026-05-07T17:41:51+00:00
prague,The Miners Coffee Florentinum,https://europeancoffeetrip.com/cafe/theminerscoffeeflorentinum-prague/,Na Florenci 2116/15,50.088801200,14.435631500,False,False,https://europeancoffeetrip.com/wp-content/uploads/city-guides/cafes/29858/min-flor_view01.jpg,,,,2026-05-07T17:41:51+00:00,2026-05-07T17:41:51+00:00
prague,EMA espresso bar,https://europeancoffeetrip.com/cafe/emaespressobar-prague/,Na Florenci 1420/3,50.088746779,14.433499887,False,False,https://europeancoffeetrip.com/wp-content/uploads/city-guides/cafes/93/emaespressobar_1715106757_3362881679146182349_1412637271.jpg,,,,2026-05-07T17:41:51+00:00,2026-05-07T17:41:51+00:00
prague,21 Coffee,https://europeancoffeetrip.com/cafe/21coffee-prague/,Na Maninách 1041/16,50.102224800,14.452719000,False,False,https://europeancoffeetrip.com/wp-content/uploads/city-guides/cafes/20293/img_2960.JPG,,,,2026-05-07T17:41:51+00:00,2026-05-07T17:41:51+00:00
prague,Kiosek Petřiny,https://europeancoffeetrip.com/cafe/kiosek-petriny/,Heyrovského náměstí,50.086802900,14.340205500,False,False,https://europeancoffeetrip.com/wp-content/uploads/city-guides/cafes/11538/2023-06-19.jpg,,,,2026-05-07T17:41:51+00:00,2026-05-07T17:41:51+00:00
prague,Zen espresso bar,https://europeancoffeetrip.com/cafe/zenespressobar-prague/,Radimova 65/25,50.087416600,14.367551600,False,False,https://europeancoffeetrip.com/wp-content/uploads/city-guides/cafes/12682/zen-103.jpg,,,,2026-05-07T17:41:51+00:00,2026-05-07T17:41:51+00:00
prague,Klub Betlémská,https://europeancoffeetrip.com/cafe/klubbetlemska-prague/,"5A, Betlémské nám. 1/169",50.084483500,14.417874500,False,False,https://europeancoffeetrip.com/wp-content/uploads/city-guides/cafes/14023/ect.jpeg,,,,2026-05-07T17:41:51+00:00,2026-05-07T17:41:51+00:00
prague,The Bowls,https://europeancoffeetrip.com/cafe/thebowls-prague/,Pavla Švandy ze Semčic 388/16,50.076981600,14.406088100,False,False,https://europeancoffeetrip.com/wp-content/uploads/city-guides/cafes/2729/img_5253.JPG,,,,2026-05-07T17:41:51+00:00,2026-05-07T17:41:51+00:00
prague,Pauza,https://europeancoffeetrip.com/cafe/pauza-prague/,Zenklova 250/5,50.102555500,14.471955800,False,False,https://europeancoffeetrip.com/wp-content/uploads/city-guides/cafes/18521/pauzapalmovka_1730100573_3488658919539123470_68819182853.jpg,,,,2026-05-07T17:41:51+00:00,2026-05-07T17:41:51+00:00
prague,Letka Studio,https://europeancoffeetrip.com/cafe/letkastudio-prague/,Haškova 7,50.100278500,14.428123300,False,False,https://europeancoffeetrip.com/wp-content/uploads/city-guides/cafes/23513/bdab0aaa-5a1b-42c7-88cb-ceeeadf9a3d0.jpg,,,,2026-05-07T17:41:51+00:00,2026-05-07T17:41:51+00:00
prague,Kafe na schodech,https://europeancoffeetrip.com/cafe/kafenaschodech-prague/,J. Želivského 31,50.088748100,14.468449600,False,False,https://europeancoffeetrip.com/wp-content/uploads/city-guides/cafes/5375/IMG_20221101_154832.jpg,,,,2026-05-07T17:41:51+00:00,2026-05-07T17:41:51+00:00
prague,Moe studio,https://europeancoffeetrip.com/cafe/moe-prague/,Veverkova 8,50.098377600,14.432051100,False,False,https://europeancoffeetrip.com/wp-content/uploads/city-guides/cafes/22576/moeprague_1748693251_3644625609082057424_72101714207.jpg,,,,2026-05-07T17:41:51+00:00,2026-05-07T17:41:51+00:00
prague,Kafe Kolej,https://europeancoffeetrip.com/cafe/kafekolej-prague/,Nádražní 279/1,50.061226727,14.408982396,False,False,https://europeancoffeetrip.com/wp-content/uploads/city-guides/cafes/735/kafe-kolej-praha-4.jpg,,,,2026-05-07T17:41:51+00:00,2026-05-07T17:41:51+00:00
prague,Shop Up Stories,https://europeancoffeetrip.com/cafe/shopupstories-prague/,Římská 1199/35,50.077056200,14.436827700,False,False,https://europeancoffeetrip.com/wp-content/uploads/city-guides/cafes/28673/img_2983.jpg,,,,2026-05-07T17:41:51+00:00,2026-05-07T17:41:51+00:00
prague,Kavárna Nový Svět,https://europeancoffeetrip.com/cafe/kavarnanovysvet-prague/,Nový Svět 87/2,50.091170000,14.390403300,False,False,https://europeancoffeetrip.com/wp-content/uploads/city-guides/cafes/1233/kavarna-novy-svet.jpg,,,,2026-05-07T17:41:51+00:00,2026-05-07T17:41:51+00:00
prague,Filtr,https://europeancoffeetrip.com/cafe/filtr-prague/,Bělehradská 1334/35,50.068036800,14.434303600,False,False,https://europeancoffeetrip.com/wp-content/uploads/city-guides/cafes/3252/img_2796.jpeg,,,,2026-05-07T17:41:51+00:00,2026-05-07T17:41:51+00:00
prague,Kavárna co hledá jméno,https://europeancoffeetrip.com/cafe/kavarnacohledajmeno-prague/,Stroupežnického 493/10,50.069756232,14.403977394,False,False,https://europeancoffeetrip.com/wp-content/uploads/city-guides/cafes/721/kavarna-co-hleda-jmeno-prague-social-media.jpg,,,,2026-05-07T17:41:51+00:00,2026-05-07T17:41:51+00:00
prague,20m² Espresso bar,https://europeancoffeetrip.com/cafe/20m2bykapkafe-prague/,Bělohorská 265/29,50.084453600,14.375891900,False,False,https://europeancoffeetrip.com/wp-content/uploads/city-guides/cafes/3277/20m2_kapkafe_273417082_663169264830166_2415454268291670548_n.jpg,,,,2026-05-07T17:41:51+00:00,2026-05-07T17:41:51+00:00
prague,The Miners Borislavka,https://europeancoffeetrip.com/cafe/theminersborislavka-prague/,Evropská 866/71,50.098569300,14.366754700,False,False,https://europeancoffeetrip.com/wp-content/uploads/city-guides/cafes/3322/dsc_9942.jpg,,,,2026-05-07T17:41:51+00:00,2026-05-07T17:41:51+00:00
prague,Letec Espresso Bar,https://europeancoffeetrip.com/cafe/letecespressobar-prague/,Šimáčkova 17,50.103027300,14.433328800,False,False,https://europeancoffeetrip.com/wp-content/uploads/city-guides/cafes/1557/letec1.jpg,,,,2026-05-07T17:41:51+00:00,2026-05-07T17:41:51+00:00
prague,Kavárna pod pavlačí,https://europeancoffeetrip.com/cafe/kavarnapodpavlaci-prague/,Bílenecké nám. 15/11,50.149234000,14.443541000,False,False,https://europeancoffeetrip.com/wp-content/uploads/city-guides/cafes/8746/img_5821_edited.jpg,,,,2026-05-07T17:41:51+00:00,2026-05-07T17:41:51+00:00
prague,Estella CAFÉ,https://europeancoffeetrip.com/cafe/estellacafe-prague/,nám. Interbrigady 636/10,50.105410200,14.395154100,False,False,https://europeancoffeetrip.com/wp-content/uploads/city-guides/cafes/15725/img_0543.jpeg,,,,2026-05-07T17:41:51+00:00,2026-05-07T17:41:51+00:00
prague,kaš-mi-daš,https://europeancoffeetrip.com/cafe/kasmidas-prague/,Janovského 33,50.101819300,14.433950600,False,False,https://europeancoffeetrip.com/wp-content/uploads/city-guides/cafes/20076/2024-11-21.jpg,,,,2026-05-07T17:41:51+00:00,2026-05-07T17:41:51+00:00
prague,Pleiku coffee,https://europeancoffeetrip.com/cafe/pleiku-prague/,Zenklova 1545/39,50.109083000,14.472256000,False,False,https://europeancoffeetrip.com/wp-content/uploads/city-guides/cafes/30322/img_2938.jpeg,,,,2026-05-07T17:41:51+00:00,2026-05-07T17:41:51+00:00
prague,Srnky Americká,https://europeancoffeetrip.com/cafe/mezisrnky-americka-prague/,Americká 849/26,50.073097600,14.437946800,False,False,https://europeancoffeetrip.com/wp-content/uploads/city-guides/cafes/22066/elledecorationczech_1737965591_3554635472009789116_2574512575.jpg,,,,2026-05-07T17:41:51+00:00,2026-05-07T17:41:51+00:00
prague,THE DESIGN cafe,https://europeancoffeetrip.com/cafe/thedesigncafe-prague/,V Kotcích 517/13,50.084757900,14.421349400,False,False,https://europeancoffeetrip.com/wp-content/uploads/city-guides/cafes/31233/the-design-6-ve-stredni-velikosti.jpeg,,,,2026-05-07T17:41:51+00:00,2026-05-07T17:41:51+00:00
prague,Merrybeans,https://europeancoffeetrip.com/cafe/merrybeans-prague/,Neklanova 162/1,50.067350200,14.418459000,False,False,https://europeancoffeetrip.com/wp-content/uploads/city-guides/cafes/16572/2023-12-prazirna-merrybeans_hr-1.jpeg,,,,2026-05-07T17:41:51+00:00,2026-05-07T17:41:51+00:00
prague,Coffee Room Holešovice,https://europeancoffeetrip.com/cafe/coffeeroomosadni-prague/,Osadní 313/10,50.102584900,14.447088400,False,False,https://europeancoffeetrip.com/wp-content/uploads/city-guides/cafes/21524/2025-03-13.jpg,,,,2026-05-07T17:41:51+00:00,2026-05-07T17:41:51+00:00
prague,La Forme Café,https://europeancoffeetrip.com/cafe/laformecafe-prague/,Tusarova 25,50.101938000,14.448169800,False,False,https://europeancoffeetrip.com/wp-content/uploads/city-guides/cafes/30213/img_8264.jpeg,,,,2026-05-07T17:41:51+00:00,2026-05-07T17:41:51+00:00
prague,Loft cafe Karlín,https://europeancoffeetrip.com/cafe/loft-prague/,Křižíkova 512/68,50.093685100,14.456810100,False,False,https://europeancoffeetrip.com/wp-content/uploads/city-guides/cafes/3233/77561139-412e-4605-941c-7bc7bfeed998.jpeg,,,,2026-05-07T17:41:51+00:00,2026-05-07T17:41:51+00:00
prague,mamacoffee Podolská,https://europeancoffeetrip.com/cafe/mamacoffee-podolskla-prague/,Podolská 23,50.058698300,14.420992300,False,False,https://europeancoffeetrip.com/wp-content/uploads/city-guides/cafes/5925/mamacoffee-podolskla-prague-owners.JPG,,,,2026-05-07T17:41:51+00:00,2026-05-07T17:41:51+00:00
prague,FLAT Cafe,https://europeancoffeetrip.com/cafe/flatcafe-prague/,Kodaňská 81/4,50.071086800,14.451261500,False,False,,,,,2026-05-07T17:41:51+00:00,2026-05-07T17:41:51+00:00
prague,Pilot Cafe Letná,https://europeancoffeetrip.com/cafe/pilotcade-prague/,Ovenecká 1072/17,50.099607400,14.424402700,False,False,,,,,2026-05-07T17:41:51+00:00,2026-05-07T17:41:51+00:00
prague,Café Pišingr,https://europeancoffeetrip.com/cafe/cafepisingr-prague/,Komořanská 45,49.999551600,14.406490100,False,False,,,,,2026-05-07T17:41:51+00:00,2026-05-07T17:41:51+00:00
prague,Triko kafe & kolonial,https://europeancoffeetrip.com/cafe/trikokafekolonial-prague/,U Nikolajky 1264,50.067234400,14.398719000,False,False,,,,,2026-05-07T17:41:51+00:00,2026-05-07T17:41:51+00:00
prague,Florista Café,https://europeancoffeetrip.com/cafe/floristacafe-prague/,Nuselská 66,50.060591400,14.448431100,False,False,,,,,2026-05-07T17:41:51+00:00,2026-05-07T17:41:51+00:00
prague,Múza Café,https://europeancoffeetrip.com/cafe/muzacafe-prague/,Mánesova 1407/89,50.078026200,14.448282000,False,False,,,,,2026-05-07T17:41:51+00:00,2026-05-07T17:41:51+00:00
prague,Pilot Cafe Pankrác,https://europeancoffeetrip.com/cafe/pilotcafe-pankrac-prague/,Dačického 1225/8,50.055683800,14.432976900,False,False,,,,,2026-05-07T17:41:51+00:00,2026-05-07T17:41:51+00:00
prague,Káva&Dort,https://europeancoffeetrip.com/cafe/kavaadort-prague/,Oblouková 731/24,50.067448500,14.455932400,False,False,,,,,2026-05-07T17:41:51+00:00,2026-05-07T17:41:51+00:00
prague,Kaldi Fresh coffee bar,https://europeancoffeetrip.com/cafe/kaldifreshcoffeebar-prague/,"Vyšehradská 429/37, Nové Město",50.070402500,14.418658800,False,False,,,,,2026-05-07T17:41:51+00:00,2026-05-07T17:41:51+00:00
prague,Coffee imrvére,https://europeancoffeetrip.com/cafe/coffeeimrvere-prague/,Olšanské nám. 1785,50.082007300,14.459168000,False,False,,,,,2026-05-07T17:41:51+00:00,2026-05-07T17:41:51+00:00
prague,eM3 Coffee,https://europeancoffeetrip.com/cafe/em3-modrany-prague/,Čs. exilu 40,50.004358900,14.416527300,False,False,,,,,2026-05-07T17:41:51+00:00,2026-05-07T17:41:51+00:00
prague,Kafe Francin,https://europeancoffeetrip.com/cafe/kafefrancin-prague/,Dukelských Hrdinů 692/35,50.099362600,14.433153900,False,False,,,,,2026-05-07T17:41:51+00:00,2026-05-07T17:41:51+00:00
prague,My coffee story,https://europeancoffeetrip.com/cafe/mycoffeestory-prague/,J. Želivského 1801/22,50.089621100,14.468559900,False,False,,,,,2026-05-07T17:41:51+00:00,2026-05-07T17:41:51+00:00
prague,Kofárna Újezd,https://europeancoffeetrip.com/cafe/kofarnacafe-prague/,Zborovská 84/60,50.080234600,14.407266200,False,False,,,,,2026-05-07T17:41:51+00:00,2026-05-07T17:41:51+00:00
